"sample_id","source_video_id","split"
"_01AyUz9J9I.002","_01AyUz9J9I","train"
"_01AyUz9J9I.005","_01AyUz9J9I","train"
"_0bg1TLPP-I.004","_0bg1TLPP-I","train"
"_0bg1TLPP-I.005","_0bg1TLPP-I","train"
"_2DSmy36OEM.001","_2DSmy36OEM","train"
"_7hGh6VU4IU.000","_7hGh6VU4IU","train"
"_7hGh6VU4IU.003","_7hGh6VU4IU","train"
"_7hGh6VU4IU.004","_7hGh6VU4IU","train"
"_7hGh6VU4IU.005","_7hGh6VU4IU","train"
"_7s27dUoYVg.000","_7s27dUoYVg","train"
"_7s27dUoYVg.003","_7s27dUoYVg","train"
"_bOOlidEWgY.001","_bOOlidEWgY","train"
"_fFmEyvWgfA.004","_fFmEyvWgfA","train"
"_fJcW5234bY.000","_fJcW5234bY","train"
"_fJcW5234bY.002","_fJcW5234bY","train"
"_fJcW5234bY.004","_fJcW5234bY","train"
"_G3kw9HwCqY.000","_G3kw9HwCqY","train"
"_G3kw9HwCqY.002","_G3kw9HwCqY","train"
"_G3kw9HwCqY.004","_G3kw9HwCqY","train"
"_G3kw9HwCqY.005","_G3kw9HwCqY","train"
"_g3M_MoFIvA.001","_g3M_MoFIvA","train"
"_g3M_MoFIvA.004","_g3M_MoFIvA","train"
"_g3M_MoFIvA.005","_g3M_MoFIvA","train"
"_GFregyrwfo.002","_GFregyrwfo","train"
"_GFregyrwfo.004","_GFregyrwfo","train"
"_GFregyrwfo.005","_GFregyrwfo","train"
"_hmiW83i0GY.000","_hmiW83i0GY","train"
"_hR9AD-eIy8.000","_hR9AD-eIy8","train"
"_hR9AD-eIy8.005","_hR9AD-eIy8","train"
"_IS6GFmQYj4.000","_IS6GFmQYj4","train"
"_IS6GFmQYj4.002","_IS6GFmQYj4","train"
"_IS6GFmQYj4.003","_IS6GFmQYj4","train"
"_IS6GFmQYj4.004","_IS6GFmQYj4","train"
"_kK9tGN883Y.000","_kK9tGN883Y","train"
"_kK9tGN883Y.004","_kK9tGN883Y","train"
"_LWrd9t4oZw.003","_LWrd9t4oZw","train"
"_mtiuHyOFXg.001","_mtiuHyOFXg","train"
"_mtiuHyOFXg.003","_mtiuHyOFXg","train"
"_mtiuHyOFXg.005","_mtiuHyOFXg","train"
"_plk5k7PBEg.001","_plk5k7PBEg","train"
"_Py_lytyY5A.005","_Py_lytyY5A","train"
"_Q4wOgixh7E.000","_Q4wOgixh7E","train"
"_QXI4n_FRN4.005","_QXI4n_FRN4","train"
"_RAGzfJnpUE.001","_RAGzfJnpUE","train"
"_RAGzfJnpUE.003","_RAGzfJnpUE","train"
"_S_bWJwqsmM.004","_S_bWJwqsmM","train"
"_S_bWJwqsmM.005","_S_bWJwqsmM","train"
"_tOtBfJlWFs.000","_tOtBfJlWFs","train"
"_UnoRkHkYB8.003","_UnoRkHkYB8","train"
"_uNup91ZYw0.001","_uNup91ZYw0","train"
"_uNup91ZYw0.002","_uNup91ZYw0","train"
"_VsE38xSmdM.001","_VsE38xSmdM","train"
"_X6_C_Oy9VA.000","_X6_C_Oy9VA","train"
"_X6_C_Oy9VA.001","_X6_C_Oy9VA","train"
"_X6_C_Oy9VA.003","_X6_C_Oy9VA","train"
"_X6_C_Oy9VA.004","_X6_C_Oy9VA","train"
"_X6_C_Oy9VA.005","_X6_C_Oy9VA","train"
"_YYBXI2mXv4.000","_YYBXI2mXv4","train"
"_ZAqTHlu2ts.001","_ZAqTHlu2ts","train"
"_ZAqTHlu2ts.004","_ZAqTHlu2ts","train"
"_ZAqTHlu2ts.005","_ZAqTHlu2ts","train"
"_zI6qgTJOSA.005","_zI6qgTJOSA","train"
"_ZjEr8ybbFM.000","_ZjEr8ybbFM","train"
"_zs9K5Gtkwo.002","_zs9K5Gtkwo","train"
"_zs9K5Gtkwo.003","_zs9K5Gtkwo","train"
"_ztmNiy8D3c.000","_ztmNiy8D3c","train"
"_ztmNiy8D3c.001","_ztmNiy8D3c","train"
"_ztmNiy8D3c.003","_ztmNiy8D3c","train"
"0_xOGmydDN0.001","0_xOGmydDN0","train"
"0_xOGmydDN0.002","0_xOGmydDN0","train"
"0_xOGmydDN0.003","0_xOGmydDN0","train"
"0_xOGmydDN0.004","0_xOGmydDN0","train"
"01qN-BqJXRM.005","01qN-BqJXRM","train"
"04oq2yrBwMg.001","04oq2yrBwMg","train"
"04oq2yrBwMg.004","04oq2yrBwMg","train"
"05l5bteT_qA.000","05l5bteT_qA","train"
"05l5bteT_qA.001","05l5bteT_qA","train"
"0axZSeaUbfs.002","0axZSeaUbfs","train"
"0axZSeaUbfs.004","0axZSeaUbfs","train"
"0axZSeaUbfs.005","0axZSeaUbfs","train"
"0C6i34q2-f8.000","0C6i34q2-f8","train"
"0C6i34q2-f8.001","0C6i34q2-f8","train"
"0C6i34q2-f8.003","0C6i34q2-f8","train"
"0D7W2pR4RpQ.004","0D7W2pR4RpQ","train"
"0dIqLMMn4jY.000","0dIqLMMn4jY","train"
"0fMw9o1v2tY.001","0fMw9o1v2tY","train"
"0fMw9o1v2tY.002","0fMw9o1v2tY","train"
"0fMw9o1v2tY.003","0fMw9o1v2tY","train"
"0FVu7VKIg2s.000","0FVu7VKIg2s","train"
"0G9vplL8ae8.001","0G9vplL8ae8","train"
"0G9vplL8ae8.003","0G9vplL8ae8","train"
"0gv5Z0qt2jc.000","0gv5Z0qt2jc","train"
"0gv5Z0qt2jc.001","0gv5Z0qt2jc","train"
"0gv5Z0qt2jc.002","0gv5Z0qt2jc","train"
"0gv5Z0qt2jc.003","0gv5Z0qt2jc","train"
"0gv5Z0qt2jc.004","0gv5Z0qt2jc","train"
"0gv5Z0qt2jc.005","0gv5Z0qt2jc","train"
"0hWbtuRVUgM.001","0hWbtuRVUgM","train"
"0hWbtuRVUgM.005","0hWbtuRVUgM","train"
"0iQIfGnKflc.001","0iQIfGnKflc","train"
"0iQIfGnKflc.002","0iQIfGnKflc","train"
"0iXXdsO95O0.000","0iXXdsO95O0","train"
"0kg6pmbSN6A.000","0kg6pmbSN6A","train"
"0kg6pmbSN6A.001","0kg6pmbSN6A","train"
"0kg6pmbSN6A.002","0kg6pmbSN6A","train"
"0kg6pmbSN6A.005","0kg6pmbSN6A","train"
"0LqfKzp11kg.000","0LqfKzp11kg","train"
"0MB91ku0eEw.003","0MB91ku0eEw","train"
"0mym1CooiTE.000","0mym1CooiTE","train"
"0mym1CooiTE.001","0mym1CooiTE","train"
"0mym1CooiTE.003","0mym1CooiTE","train"
"0mym1CooiTE.004","0mym1CooiTE","train"
"0n2vWTs6XwA.001","0n2vWTs6XwA","train"
"0ObEtA6Q8vU.002","0ObEtA6Q8vU","train"
"0ObEtA6Q8vU.003","0ObEtA6Q8vU","train"
"0ObEtA6Q8vU.005","0ObEtA6Q8vU","train"
"0QTR0WiJSNk.001","0QTR0WiJSNk","train"
"0RLFM1ehSFM.000","0RLFM1ehSFM","train"
"0tse0Fsy_rg.001","0tse0Fsy_rg","train"
"0tse0Fsy_rg.002","0tse0Fsy_rg","train"
"0tse0Fsy_rg.004","0tse0Fsy_rg","train"
"0u56Q_QmxIM.002","0u56Q_QmxIM","train"
"0u56Q_QmxIM.004","0u56Q_QmxIM","train"
"0uCqd5hZcyI.000","0uCqd5hZcyI","train"
"0uCqd5hZcyI.005","0uCqd5hZcyI","train"
"0VnZngec8sc.001","0VnZngec8sc","train"
"0VnZngec8sc.003","0VnZngec8sc","train"
"0VnZngec8sc.004","0VnZngec8sc","train"
"0Wr69VD_oXI.004","0Wr69VD_oXI","train"
"0zJcYnsh55g.003","0zJcYnsh55g","train"
"0ZK5jQAvhFo.004","0ZK5jQAvhFo","train"
"117jrwvl2Nc.000","117jrwvl2Nc","train"
"117jrwvl2Nc.004","117jrwvl2Nc","train"
"12Ezy1y1cWY.001","12Ezy1y1cWY","train"
"12Ezy1y1cWY.005","12Ezy1y1cWY","train"
"12Hbl_oZF9c.001","12Hbl_oZF9c","train"
"12Hbl_oZF9c.003","12Hbl_oZF9c","train"
"12lqQE6oPNE.001","12lqQE6oPNE","train"
"13kjwEtSyXc.000","13kjwEtSyXc","train"
"13kjwEtSyXc.002","13kjwEtSyXc","train"
"13kjwEtSyXc.004","13kjwEtSyXc","train"
"13KtmgntgQw.002","13KtmgntgQw","train"
"13XlKeC_p3U.000","13XlKeC_p3U","train"
"13XlKeC_p3U.001","13XlKeC_p3U","train"
"15yOT2ZolPE.002","15yOT2ZolPE","train"
"176vWywoq9E.000","176vWywoq9E","train"
"176vWywoq9E.001","176vWywoq9E","train"
"176vWywoq9E.002","176vWywoq9E","train"
"176vWywoq9E.004","176vWywoq9E","train"
"184MlJCcboQ.000","184MlJCcboQ","train"
"186c7kCyCHQ.005","186c7kCyCHQ","train"
"19cplBTXyoY.002","19cplBTXyoY","train"
"19pTUX8KfYM.000","19pTUX8KfYM","train"
"1AMp8Y_0UGc.000","1AMp8Y_0UGc","train"
"1AMp8Y_0UGc.002","1AMp8Y_0UGc","train"
"1AMp8Y_0UGc.004","1AMp8Y_0UGc","train"
"1cqwKxx6GF8.001","1cqwKxx6GF8","train"
"1cqwKxx6GF8.004","1cqwKxx6GF8","train"
"1cqwKxx6GF8.005","1cqwKxx6GF8","train"
"1CYzbX8AaP8.001","1CYzbX8AaP8","train"
"1CYzbX8AaP8.003","1CYzbX8AaP8","train"
"1DCnIad1Y0w.002","1DCnIad1Y0w","train"
"1dOaM7zWPo8.000","1dOaM7zWPo8","train"
"1eOvtoZCie8.000","1eOvtoZCie8","train"
"1eOvtoZCie8.002","1eOvtoZCie8","train"
"1eOvtoZCie8.004","1eOvtoZCie8","train"
"1eOvtoZCie8.005","1eOvtoZCie8","train"
"1fsFL_qNYlQ.001","1fsFL_qNYlQ","train"
"1fsFL_qNYlQ.005","1fsFL_qNYlQ","train"
"1-GgVRmAEoo.002","1-GgVRmAEoo","train"
"1-GgVRmAEoo.003","1-GgVRmAEoo","train"
"1-GgVRmAEoo.004","1-GgVRmAEoo","train"
"1Gn4GX8miWQ.000","1Gn4GX8miWQ","train"
"1Gn4GX8miWQ.001","1Gn4GX8miWQ","train"
"1Gn4GX8miWQ.002","1Gn4GX8miWQ","train"
"1Gn4GX8miWQ.003","1Gn4GX8miWQ","train"
"1Gn4GX8miWQ.004","1Gn4GX8miWQ","train"
"1Gn4GX8miWQ.005","1Gn4GX8miWQ","train"
"1hpZ2ecWqtI.002","1hpZ2ecWqtI","train"
"1hpZ2ecWqtI.003","1hpZ2ecWqtI","train"
"1hpZ2ecWqtI.005","1hpZ2ecWqtI","train"
"1izSTcQI7H4.000","1izSTcQI7H4","train"
"1izSTcQI7H4.004","1izSTcQI7H4","train"
"1jC4vsQsjwM.002","1jC4vsQsjwM","train"
"1jC4vsQsjwM.004","1jC4vsQsjwM","train"
"1jC4vsQsjwM.005","1jC4vsQsjwM","train"
"1Kb5d-w3YJ8.002","1Kb5d-w3YJ8","train"
"1Lv72Si4GnY.001","1Lv72Si4GnY","train"
"1m67onLoRwY.000","1m67onLoRwY","train"
"1m67onLoRwY.003","1m67onLoRwY","train"
"1mdMhaq5p4w.001","1mdMhaq5p4w","train"
"1mdMhaq5p4w.002","1mdMhaq5p4w","train"
"1mdMhaq5p4w.004","1mdMhaq5p4w","train"
"1mdMhaq5p4w.005","1mdMhaq5p4w","train"
"1mfrM-FT-5E.000","1mfrM-FT-5E","train"
"1mHjMNZZvFo.000","1mHjMNZZvFo","train"
"1mHjMNZZvFo.003","1mHjMNZZvFo","train"
"1mHjMNZZvFo.004","1mHjMNZZvFo","train"
"1mHjMNZZvFo.005","1mHjMNZZvFo","train"
"1mODTfLRGdI.000","1mODTfLRGdI","train"
"1mODTfLRGdI.001","1mODTfLRGdI","train"
"1mODTfLRGdI.003","1mODTfLRGdI","train"
"1mReUxIEuw0.000","1mReUxIEuw0","train"
"1mReUxIEuw0.005","1mReUxIEuw0","train"
"1OGu_7IljCo.004","1OGu_7IljCo","train"
"1pm5uoU85FI.000","1pm5uoU85FI","train"
"1pm5uoU85FI.001","1pm5uoU85FI","train"
"1pm5uoU85FI.003","1pm5uoU85FI","train"
"1q-N_zbsAg0.000","1q-N_zbsAg0","train"
"1q-N_zbsAg0.001","1q-N_zbsAg0","train"
"1q-N_zbsAg0.003","1q-N_zbsAg0","train"
"1q-N_zbsAg0.004","1q-N_zbsAg0","train"
"1RMdiCbNNh4.003","1RMdiCbNNh4","train"
"1RMdiCbNNh4.005","1RMdiCbNNh4","train"
"1S0SxmfbOus.002","1S0SxmfbOus","train"
"1sjXuXtx9-E.000","1sjXuXtx9-E","train"
"1tPH6PNeOSk.002","1tPH6PNeOSk","train"
"1tPH6PNeOSk.004","1tPH6PNeOSk","train"
"1UaqZEUUk9I.000","1UaqZEUUk9I","train"
"1UaqZEUUk9I.002","1UaqZEUUk9I","train"
"1uCO2d0pFg0.000","1uCO2d0pFg0","train"
"1W7XLdNpEgc.001","1W7XLdNpEgc","train"
"1W7XLdNpEgc.005","1W7XLdNpEgc","train"
"1Wh2mIFrGvk.001","1Wh2mIFrGvk","train"
"1wWMWbl6ILg.004","1wWMWbl6ILg","train"
"1XqMZQu_pP4.002","1XqMZQu_pP4","train"
"1yIGI42lzak.001","1yIGI42lzak","train"
"1yIGI42lzak.002","1yIGI42lzak","train"
"1yIGI42lzak.003","1yIGI42lzak","train"
"1yIGI42lzak.005","1yIGI42lzak","train"
"1yjRBwUiYxs.005","1yjRBwUiYxs","train"
"1YsZ4GPpyBA.004","1YsZ4GPpyBA","train"
"1YsZ4GPpyBA.005","1YsZ4GPpyBA","train"
"1ZqHFoxLz54.000","1ZqHFoxLz54","train"
"2_OOIcYfLV0.003","2_OOIcYfLV0","train"
"26ZnknvfdNM.001","26ZnknvfdNM","train"
"26ZnknvfdNM.002","26ZnknvfdNM","train"
"26ZnknvfdNM.003","26ZnknvfdNM","train"
"26ZnknvfdNM.004","26ZnknvfdNM","train"
"29UCGJldICw.005","29UCGJldICw","train"
"2AV8m02PjdU.000","2AV8m02PjdU","train"
"2AV8m02PjdU.002","2AV8m02PjdU","train"
"2AV8m02PjdU.003","2AV8m02PjdU","train"
"2AYq7CdNXNo.000","2AYq7CdNXNo","train"
"2AYq7CdNXNo.001","2AYq7CdNXNo","train"
"2AYq7CdNXNo.003","2AYq7CdNXNo","train"
"2AYq7CdNXNo.004","2AYq7CdNXNo","train"
"2bAsXLQjlt8.001","2bAsXLQjlt8","train"
"2bAsXLQjlt8.002","2bAsXLQjlt8","train"
"2bAsXLQjlt8.004","2bAsXLQjlt8","train"
"2bAsXLQjlt8.005","2bAsXLQjlt8","train"
"2ceHmUmguzk.000","2ceHmUmguzk","train"
"2ceHmUmguzk.001","2ceHmUmguzk","train"
"2ceHmUmguzk.002","2ceHmUmguzk","train"
"2ceHmUmguzk.005","2ceHmUmguzk","train"
"2d6btbaNdfo.004","2d6btbaNdfo","train"
"2DZb5yIc6Fg.001","2DZb5yIc6Fg","train"
"2DZb5yIc6Fg.002","2DZb5yIc6Fg","train"
"2DZb5yIc6Fg.003","2DZb5yIc6Fg","train"
"2f7rLXwzP3s.000","2f7rLXwzP3s","train"
"2f7rLXwzP3s.002","2f7rLXwzP3s","train"
"2Fgn78rYjPM.005","2Fgn78rYjPM","train"
"2fzLibPAtvI.004","2fzLibPAtvI","train"
"2fzLibPAtvI.005","2fzLibPAtvI","train"
"2GHz8LYflE0.000","2GHz8LYflE0","train"
"2HE6cw3HFPk.001","2HE6cw3HFPk","train"
"2HE6cw3HFPk.003","2HE6cw3HFPk","train"
"2hhqEWiv4eI.000","2hhqEWiv4eI","train"
"2hhqEWiv4eI.001","2hhqEWiv4eI","train"
"2hhqEWiv4eI.002","2hhqEWiv4eI","train"
"2hhqEWiv4eI.004","2hhqEWiv4eI","train"
"2IwWILRuuNU.003","2IwWILRuuNU","train"
"2IwWILRuuNU.004","2IwWILRuuNU","train"
"2IwWILRuuNU.005","2IwWILRuuNU","train"
"2kqPuht5jTg.002","2kqPuht5jTg","train"
"2kqPuht5jTg.004","2kqPuht5jTg","train"
"2kqPuht5jTg.005","2kqPuht5jTg","train"
"2KSBoJZMcMU.003","2KSBoJZMcMU","train"
"2KSBoJZMcMU.004","2KSBoJZMcMU","train"
"2KSBoJZMcMU.005","2KSBoJZMcMU","train"
"2-LDYe7OXZU.000","2-LDYe7OXZU","train"
"2-LDYe7OXZU.001","2-LDYe7OXZU","train"
"2-LDYe7OXZU.003","2-LDYe7OXZU","train"
"2-LDYe7OXZU.005","2-LDYe7OXZU","train"
"2Lgd2Ye-1L8.000","2Lgd2Ye-1L8","train"
"2mfmw63l88g.001","2mfmw63l88g","train"
"2mfmw63l88g.003","2mfmw63l88g","train"
"2mfmw63l88g.004","2mfmw63l88g","train"
"2mfmw63l88g.005","2mfmw63l88g","train"
"2mgj9ncREyA.000","2mgj9ncREyA","train"
"2mgj9ncREyA.005","2mgj9ncREyA","train"
"2NNYN1ZCJhw.003","2NNYN1ZCJhw","train"
"2OAA4slRc5M.004","2OAA4slRc5M","train"
"2oEUp9sGRGk.000","2oEUp9sGRGk","train"
"2oEUp9sGRGk.001","2oEUp9sGRGk","train"
"2oiXF5_gTyk.001","2oiXF5_gTyk","train"
"2oiXF5_gTyk.002","2oiXF5_gTyk","train"
"2oiXF5_gTyk.003","2oiXF5_gTyk","train"
"2P1FbMJLUAs.000","2P1FbMJLUAs","train"
"2P1FbMJLUAs.003","2P1FbMJLUAs","train"
"2P1FbMJLUAs.005","2P1FbMJLUAs","train"
"2pNKs0i3YkY.002","2pNKs0i3YkY","train"
"2PSGksTyrnI.001","2PSGksTyrnI","train"
"2PSGksTyrnI.003","2PSGksTyrnI","train"
"2PSGksTyrnI.004","2PSGksTyrnI","train"
"2PSGksTyrnI.005","2PSGksTyrnI","train"
"2q7ZwMoPvok.000","2q7ZwMoPvok","train"
"2q8orkMs2Jg.000","2q8orkMs2Jg","train"
"2q8orkMs2Jg.003","2q8orkMs2Jg","train"
"2q8orkMs2Jg.005","2q8orkMs2Jg","train"
"-2qsCrkXdWs.001","-2qsCrkXdWs","train"
"2r5NVi3SZ2I.000","2r5NVi3SZ2I","train"
"2RQGNwx_nlI.000","2RQGNwx_nlI","train"
"2rV3Ibtdnvs.000","2rV3Ibtdnvs","train"
"2SzC9dm4Yy4.002","2SzC9dm4Yy4","train"
"2T3oK1Gse2g.000","2T3oK1Gse2g","train"
"2T3oK1Gse2g.002","2T3oK1Gse2g","train"
"2TbU3Eg2i4A.003","2TbU3Eg2i4A","train"
"2TbU3Eg2i4A.004","2TbU3Eg2i4A","train"
"2TbU3Eg2i4A.005","2TbU3Eg2i4A","train"
"2TMl5EMrdVI.002","2TMl5EMrdVI","train"
"2TMl5EMrdVI.003","2TMl5EMrdVI","train"
"2TMl5EMrdVI.004","2TMl5EMrdVI","train"
"2TMl5EMrdVI.005","2TMl5EMrdVI","train"
"2TXrDZgbDHE.001","2TXrDZgbDHE","train"
"2TXrDZgbDHE.005","2TXrDZgbDHE","train"
"2uAJJH7B5aw.000","2uAJJH7B5aw","train"
"2uAJJH7B5aw.001","2uAJJH7B5aw","train"
"2uAJJH7B5aw.003","2uAJJH7B5aw","train"
"2UqnC_rFcRQ.001","2UqnC_rFcRQ","train"
"2UqnC_rFcRQ.002","2UqnC_rFcRQ","train"
"2UqnC_rFcRQ.003","2UqnC_rFcRQ","train"
"2WuhWF4fAOQ.001","2WuhWF4fAOQ","train"
"2WuhWF4fAOQ.002","2WuhWF4fAOQ","train"
"2WuhWF4fAOQ.003","2WuhWF4fAOQ","train"
"2WuhWF4fAOQ.004","2WuhWF4fAOQ","train"
"2x8GZaBY6TM.001","2x8GZaBY6TM","train"
"2x8GZaBY6TM.002","2x8GZaBY6TM","train"
"2x8GZaBY6TM.003","2x8GZaBY6TM","train"
"2yUnXroXyeI.003","2yUnXroXyeI","train"
"300gK3CnzW0.000","300gK3CnzW0","train"
"300gK3CnzW0.002","300gK3CnzW0","train"
"300gK3CnzW0.004","300gK3CnzW0","train"
"32XmVytuwQc.001","32XmVytuwQc","train"
"35-2f1y0guA.000","35-2f1y0guA","train"
"36NZ0sHWQFg.001","36NZ0sHWQFg","train"
"36sZ__mv_KY.003","36sZ__mv_KY","train"
"38fE5B4ghw0.000","38fE5B4ghw0","train"
"38fE5B4ghw0.002","38fE5B4ghw0","train"
"38fE5B4ghw0.003","38fE5B4ghw0","train"
"38fE5B4ghw0.004","38fE5B4ghw0","train"
"38fE5B4ghw0.005","38fE5B4ghw0","train"
"39BJkEXJpgc.001","39BJkEXJpgc","train"
"39BJkEXJpgc.003","39BJkEXJpgc","train"
"39BJkEXJpgc.005","39BJkEXJpgc","train"
"39o1zJFeM7E.001","39o1zJFeM7E","train"
"39o1zJFeM7E.002","39o1zJFeM7E","train"
"39o1zJFeM7E.003","39o1zJFeM7E","train"
"39o1zJFeM7E.004","39o1zJFeM7E","train"
"3AyjQQYmqU4.000","3AyjQQYmqU4","train"
"3AyjQQYmqU4.001","3AyjQQYmqU4","train"
"3AyjQQYmqU4.003","3AyjQQYmqU4","train"
"3b9fhd-EDaY.001","3b9fhd-EDaY","train"
"3ccY8jYkI5o.000","3ccY8jYkI5o","train"
"3ccY8jYkI5o.002","3ccY8jYkI5o","train"
"3ccY8jYkI5o.004","3ccY8jYkI5o","train"
"3ccY8jYkI5o.005","3ccY8jYkI5o","train"
"3df_Uk9EmwU.000","3df_Uk9EmwU","train"
"3df_Uk9EmwU.001","3df_Uk9EmwU","train"
"3df_Uk9EmwU.004","3df_Uk9EmwU","train"
"3df_Uk9EmwU.005","3df_Uk9EmwU","train"
"3DURnr95fMg.000","3DURnr95fMg","train"
"3DURnr95fMg.002","3DURnr95fMg","train"
"3DURnr95fMg.004","3DURnr95fMg","train"
"3g6Ab-BIbR4.001","3g6Ab-BIbR4","train"
"3gKpBq-1yG4.000","3gKpBq-1yG4","train"
"3gKpBq-1yG4.001","3gKpBq-1yG4","train"
"3gKpBq-1yG4.002","3gKpBq-1yG4","train"
"3gKpBq-1yG4.003","3gKpBq-1yG4","train"
"3gKpBq-1yG4.004","3gKpBq-1yG4","train"
"3gKpBq-1yG4.005","3gKpBq-1yG4","train"
"3gmc2kLV4Bo.002","3gmc2kLV4Bo","train"
"3GylAjrajHs.003","3GylAjrajHs","train"
"3GylAjrajHs.004","3GylAjrajHs","train"
"3HA2W1s4oP8.000","3HA2W1s4oP8","train"
"3HA2W1s4oP8.001","3HA2W1s4oP8","train"
"3HA2W1s4oP8.002","3HA2W1s4oP8","train"
"3HA2W1s4oP8.003","3HA2W1s4oP8","train"
"3hKgh9AB3tk.001","3hKgh9AB3tk","train"
"3hKgh9AB3tk.002","3hKgh9AB3tk","train"
"3hKgh9AB3tk.005","3hKgh9AB3tk","train"
"3J7Cl3FXs1o.001","3J7Cl3FXs1o","train"
"3J7Cl3FXs1o.004","3J7Cl3FXs1o","train"
"3JAFkk42zPs.004","3JAFkk42zPs","train"
"3JAFkk42zPs.005","3JAFkk42zPs","train"
"3JzvXA-Zfbs.000","3JzvXA-Zfbs","train"
"3JzvXA-Zfbs.001","3JzvXA-Zfbs","train"
"3JzvXA-Zfbs.002","3JzvXA-Zfbs","train"
"3JzvXA-Zfbs.003","3JzvXA-Zfbs","train"
"3K16KyiAZHw.004","3K16KyiAZHw","train"
"3LAaFUSGvsU.001","3LAaFUSGvsU","train"
"3LAaFUSGvsU.003","3LAaFUSGvsU","train"
"3LAaFUSGvsU.004","3LAaFUSGvsU","train"
"3lV-sr3NOUo.003","3lV-sr3NOUo","train"
"3lV-sr3NOUo.004","3lV-sr3NOUo","train"
"3nxH1f6IQjQ.000","3nxH1f6IQjQ","train"
"3OoQBXWTGfE.000","3OoQBXWTGfE","train"
"3OoQBXWTGfE.001","3OoQBXWTGfE","train"
"3OoQBXWTGfE.002","3OoQBXWTGfE","train"
"3OoQBXWTGfE.004","3OoQBXWTGfE","train"
"3orJLMVqWYw.000","3orJLMVqWYw","train"
"3orJLMVqWYw.004","3orJLMVqWYw","train"
"3P_D_bd-_NM.000","3P_D_bd-_NM","train"
"3P_D_bd-_NM.001","3P_D_bd-_NM","train"
"3P_D_bd-_NM.003","3P_D_bd-_NM","train"
"3P_D_bd-_NM.005","3P_D_bd-_NM","train"
"3pJZOCtAzYE.001","3pJZOCtAzYE","train"
"3Q3SB1dVAng.000","3Q3SB1dVAng","train"
"3Q3SB1dVAng.001","3Q3SB1dVAng","train"
"3Q3SB1dVAng.002","3Q3SB1dVAng","train"
"3Q3SB1dVAng.003","3Q3SB1dVAng","train"
"3Q3SB1dVAng.005","3Q3SB1dVAng","train"
"3R2LrAKCWr8.001","3R2LrAKCWr8","train"
"3R2LrAKCWr8.002","3R2LrAKCWr8","train"
"3RhBqNzCMG8.001","3RhBqNzCMG8","train"
"3S72dDIm1fM.000","3S72dDIm1fM","train"
"3S72dDIm1fM.001","3S72dDIm1fM","train"
"3S8QUGYVf_w.000","3S8QUGYVf_w","train"
"3S8QUGYVf_w.001","3S8QUGYVf_w","train"
"3S8QUGYVf_w.003","3S8QUGYVf_w","train"
"3S8QUGYVf_w.004","3S8QUGYVf_w","train"
"3Sj-GZ3YXWs.000","3Sj-GZ3YXWs","train"
"3Sj-GZ3YXWs.001","3Sj-GZ3YXWs","train"
"3Sj-GZ3YXWs.002","3Sj-GZ3YXWs","train"
"3Sj-GZ3YXWs.004","3Sj-GZ3YXWs","train"
"3Sj-GZ3YXWs.005","3Sj-GZ3YXWs","train"
"3taD1fEPfC8.001","3taD1fEPfC8","train"
"3taD1fEPfC8.002","3taD1fEPfC8","train"
"3taD1fEPfC8.003","3taD1fEPfC8","train"
"3taD1fEPfC8.004","3taD1fEPfC8","train"
"3tPq9fNOXZQ.001","3tPq9fNOXZQ","train"
"3tPq9fNOXZQ.002","3tPq9fNOXZQ","train"
"3tPq9fNOXZQ.003","3tPq9fNOXZQ","train"
"3tPq9fNOXZQ.005","3tPq9fNOXZQ","train"
"3Vr5-zedeWk.000","3Vr5-zedeWk","train"
"3Vr5-zedeWk.002","3Vr5-zedeWk","train"
"3Vr5-zedeWk.003","3Vr5-zedeWk","train"
"3Vr5-zedeWk.004","3Vr5-zedeWk","train"
"3Vr5-zedeWk.005","3Vr5-zedeWk","train"
"3VTL2kFt17M.000","3VTL2kFt17M","train"
"3VTL2kFt17M.002","3VTL2kFt17M","train"
"3VTL2kFt17M.004","3VTL2kFt17M","train"
"3VTL2kFt17M.005","3VTL2kFt17M","train"
"3VyriB3isO8.001","3VyriB3isO8","train"
"3VyriB3isO8.004","3VyriB3isO8","train"
"3wgZrRMosvY.002","3wgZrRMosvY","train"
"3wgZrRMosvY.003","3wgZrRMosvY","train"
"3WmWJ1lNy-U.000","3WmWJ1lNy-U","train"
"3WmWJ1lNy-U.001","3WmWJ1lNy-U","train"
"3WoXkI06zGk.001","3WoXkI06zGk","train"
"3WoXkI06zGk.002","3WoXkI06zGk","train"
"3WoXkI06zGk.003","3WoXkI06zGk","train"
"3WPXm_5f4Lw.002","3WPXm_5f4Lw","train"
"3wRj39GKLJ0.001","3wRj39GKLJ0","train"
"3y3au0hVfm8.001","3y3au0hVfm8","train"
"3ySH8eJQRCI.001","3ySH8eJQRCI","train"
"3ySH8eJQRCI.002","3ySH8eJQRCI","train"
"3ySH8eJQRCI.003","3ySH8eJQRCI","train"
"3ySH8eJQRCI.004","3ySH8eJQRCI","train"
"3ySH8eJQRCI.005","3ySH8eJQRCI","train"
"3yU-7AXnFCM.002","3yU-7AXnFCM","train"
"3yU-7AXnFCM.003","3yU-7AXnFCM","train"
"3zAyM2edy1g.000","3zAyM2edy1g","train"
"3zAyM2edy1g.001","3zAyM2edy1g","train"
"3zAyM2edy1g.004","3zAyM2edy1g","train"
"3ZwXifihvtA.000","3ZwXifihvtA","train"
"40rn4A64Bdk.001","40rn4A64Bdk","train"
"40rn4A64Bdk.003","40rn4A64Bdk","train"
"41NNb7cucVo.000","41NNb7cucVo","train"
"41NNb7cucVo.001","41NNb7cucVo","train"
"41NNb7cucVo.002","41NNb7cucVo","train"
"41NNb7cucVo.003","41NNb7cucVo","train"
"43tayteIFRk.005","43tayteIFRk","train"
"44rxmXiga90.001","44rxmXiga90","train"
"44rxmXiga90.002","44rxmXiga90","train"
"44rxmXiga90.003","44rxmXiga90","train"
"44rxmXiga90.004","44rxmXiga90","train"
"44rxmXiga90.005","44rxmXiga90","train"
"45SH4ohAH3M.000","45SH4ohAH3M","train"
"45SH4ohAH3M.001","45SH4ohAH3M","train"
"45SH4ohAH3M.005","45SH4ohAH3M","train"
"48S9_KZvzVw.001","48S9_KZvzVw","train"
"48S9_KZvzVw.003","48S9_KZvzVw","train"
"48S9_KZvzVw.004","48S9_KZvzVw","train"
"48S9_KZvzVw.005","48S9_KZvzVw","train"
"495hLlCEW64.001","495hLlCEW64","train"
"495hLlCEW64.002","495hLlCEW64","train"
"495hLlCEW64.003","495hLlCEW64","train"
"4a6-tNo-NDM.000","4a6-tNo-NDM","train"
"4bDOetaLvZs.001","4bDOetaLvZs","train"
"4bDOetaLvZs.004","4bDOetaLvZs","train"
"4bDOetaLvZs.005","4bDOetaLvZs","train"
"4CiR99jTzso.000","4CiR99jTzso","train"
"4CSV8L7aVik.000","4CSV8L7aVik","train"
"4fN-DKUzgWQ.001","4fN-DKUzgWQ","train"
"4fN-DKUzgWQ.005","4fN-DKUzgWQ","train"
"4F-WBGPXiqQ.001","4F-WBGPXiqQ","train"
"4ICb270oLpE.000","4ICb270oLpE","train"
"4ICb270oLpE.002","4ICb270oLpE","train"
"4JjpfL4y3XM.000","4JjpfL4y3XM","train"
"4JjpfL4y3XM.001","4JjpfL4y3XM","train"
"4JYmE9a21aI.002","4JYmE9a21aI","train"
"4JYmE9a21aI.004","4JYmE9a21aI","train"
"4KD3XCMsIBs.004","4KD3XCMsIBs","train"
"4kIHxR6s1L4.001","4kIHxR6s1L4","train"
"4kIHxR6s1L4.004","4kIHxR6s1L4","train"
"4kIHxR6s1L4.005","4kIHxR6s1L4","train"
"4lH5nLSwmoM.001","4lH5nLSwmoM","train"
"4lH5nLSwmoM.003","4lH5nLSwmoM","train"
"4lIbWq27O84.000","4lIbWq27O84","train"
"4lIbWq27O84.001","4lIbWq27O84","train"
"4lIbWq27O84.002","4lIbWq27O84","train"
"4lj66h4CXI8.002","4lj66h4CXI8","train"
"4lj66h4CXI8.003","4lj66h4CXI8","train"
"4lj66h4CXI8.005","4lj66h4CXI8","train"
"4lyKh2_xCDQ.003","4lyKh2_xCDQ","train"
"4lyKh2_xCDQ.004","4lyKh2_xCDQ","train"
"4LZJvOecyM8.001","4LZJvOecyM8","train"
"4LZJvOecyM8.002","4LZJvOecyM8","train"
"4LZJvOecyM8.005","4LZJvOecyM8","train"
"4nir0YtjHVs.001","4nir0YtjHVs","train"
"4nir0YtjHVs.002","4nir0YtjHVs","train"
"4nJLbAKgwfw.005","4nJLbAKgwfw","train"
"4NzqG0XwOWg.002","4NzqG0XwOWg","train"
"4NzqG0XwOWg.004","4NzqG0XwOWg","train"
"4Qr1BjZhnpg.003","4Qr1BjZhnpg","train"
"4QUgf0dHnKk.004","4QUgf0dHnKk","train"
"4QUgf0dHnKk.005","4QUgf0dHnKk","train"
"4RoZPrjRQZE.000","4RoZPrjRQZE","train"
"4sCa35TOxgs.001","4sCa35TOxgs","train"
"4T9UUWWRE94.000","4T9UUWWRE94","train"
"4T9UUWWRE94.003","4T9UUWWRE94","train"
"4TpJ1FT2w6Y.001","4TpJ1FT2w6Y","train"
"4TpJ1FT2w6Y.003","4TpJ1FT2w6Y","train"
"4TpJ1FT2w6Y.004","4TpJ1FT2w6Y","train"
"4TpJ1FT2w6Y.005","4TpJ1FT2w6Y","train"
"4V7doeEKsus.001","4V7doeEKsus","train"
"4V7doeEKsus.002","4V7doeEKsus","train"
"4vdJGgZpj4k.004","4vdJGgZpj4k","train"
"4vdJGgZpj4k.005","4vdJGgZpj4k","train"
"4vJ69g7gAH4.001","4vJ69g7gAH4","train"
"4VwcU0ROy5k.001","4VwcU0ROy5k","train"
"4VwcU0ROy5k.002","4VwcU0ROy5k","train"
"4VwcU0ROy5k.004","4VwcU0ROy5k","train"
"4xdT0Uedsro.000","4xdT0Uedsro","train"
"4xdT0Uedsro.002","4xdT0Uedsro","train"
"4XdZDodpzac.000","4XdZDodpzac","train"
"4XdZDodpzac.003","4XdZDodpzac","train"
"4yogPbHFQ9o.002","4yogPbHFQ9o","train"
"4yogPbHFQ9o.003","4yogPbHFQ9o","train"
"4yogPbHFQ9o.004","4yogPbHFQ9o","train"
"4yogPbHFQ9o.005","4yogPbHFQ9o","train"
"4zkY1SG-7xc.003","4zkY1SG-7xc","train"
"4ZlcaXadwlo.000","4ZlcaXadwlo","train"
"4ZlcaXadwlo.001","4ZlcaXadwlo","train"
"4ZlcaXadwlo.003","4ZlcaXadwlo","train"
"4ZlcaXadwlo.005","4ZlcaXadwlo","train"
"50gokPvvMs8.000","50gokPvvMs8","train"
"50gokPvvMs8.002","50gokPvvMs8","train"
"51hGkzvYP00.001","51hGkzvYP00","train"
"51KRxB3g7A8.000","51KRxB3g7A8","train"
"51z2rCqPqPE.003","51z2rCqPqPE","train"
"51z2rCqPqPE.005","51z2rCqPqPE","train"
"521sm7CTyfg.000","521sm7CTyfg","train"
"521sm7CTyfg.001","521sm7CTyfg","train"
"521sm7CTyfg.003","521sm7CTyfg","train"
"521sm7CTyfg.004","521sm7CTyfg","train"
"521sm7CTyfg.005","521sm7CTyfg","train"
"53gtUkC7IZM.001","53gtUkC7IZM","train"
"53QFyec0uN0.002","53QFyec0uN0","train"
"53QFyec0uN0.003","53QFyec0uN0","train"
"53srfuqv9LM.001","53srfuqv9LM","train"
"53srfuqv9LM.002","53srfuqv9LM","train"
"54JawR1x0II.001","54JawR1x0II","train"
"54JawR1x0II.002","54JawR1x0II","train"
"54K75EhiTEk.000","54K75EhiTEk","train"
"54K75EhiTEk.002","54K75EhiTEk","train"
"54K75EhiTEk.003","54K75EhiTEk","train"
"54K75EhiTEk.005","54K75EhiTEk","train"
"54TGLGvIm_8.001","54TGLGvIm_8","train"
"54TGLGvIm_8.002","54TGLGvIm_8","train"
"54TGLGvIm_8.003","54TGLGvIm_8","train"
"54TGLGvIm_8.004","54TGLGvIm_8","train"
"-55DRRMTppE.000","-55DRRMTppE","train"
"-55DRRMTppE.005","-55DRRMTppE","train"
"57o4odfqTs8.001","57o4odfqTs8","train"
"57o4odfqTs8.003","57o4odfqTs8","train"
"57RdMTGegww.000","57RdMTGegww","train"
"59Smv7wl--w.001","59Smv7wl--w","train"
"59Smv7wl--w.002","59Smv7wl--w","train"
"59Smv7wl--w.003","59Smv7wl--w","train"
"59Smv7wl--w.005","59Smv7wl--w","train"
"5Bgd2zgiT0Q.004","5Bgd2zgiT0Q","train"
"5bi_PM3XMEQ.005","5bi_PM3XMEQ","train"
"5BPGRteF64Y.001","5BPGRteF64Y","train"
"5BPGRteF64Y.002","5BPGRteF64Y","train"
"5BPGRteF64Y.005","5BPGRteF64Y","train"
"5CRqN54uejE.000","5CRqN54uejE","train"
"5CRqN54uejE.002","5CRqN54uejE","train"
"5CRqN54uejE.005","5CRqN54uejE","train"
"5Eez38v8TuU.000","5Eez38v8TuU","train"
"5Eez38v8TuU.003","5Eez38v8TuU","train"
"5Eez38v8TuU.005","5Eez38v8TuU","train"
"5f6s8cwA7WQ.001","5f6s8cwA7WQ","train"
"5f6s8cwA7WQ.002","5f6s8cwA7WQ","train"
"5f6s8cwA7WQ.004","5f6s8cwA7WQ","train"
"5f6s8cwA7WQ.005","5f6s8cwA7WQ","train"
"5ghk5950BhU.002","5ghk5950BhU","train"
"5ghk5950BhU.004","5ghk5950BhU","train"
"5ghk5950BhU.005","5ghk5950BhU","train"
"5gJsrcXQvrk.002","5gJsrcXQvrk","train"
"5h5Pajjc_xM.001","5h5Pajjc_xM","train"
"5hFRSHAis2E.003","5hFRSHAis2E","train"
"5hFRSHAis2E.005","5hFRSHAis2E","train"
"5IqtX-uq28E.001","5IqtX-uq28E","train"
"5IqtX-uq28E.002","5IqtX-uq28E","train"
"5kaqMZ7SB9w.002","5kaqMZ7SB9w","train"
"5KHOpRCxnwQ.005","5KHOpRCxnwQ","train"
"5Ku4_r_Yxsk.000","5Ku4_r_Yxsk","train"
"5Ku4_r_Yxsk.001","5Ku4_r_Yxsk","train"
"5kwoq4EZixQ.001","5kwoq4EZixQ","train"
"5kwoq4EZixQ.003","5kwoq4EZixQ","train"
"5kwoq4EZixQ.004","5kwoq4EZixQ","train"
"5kwoq4EZixQ.005","5kwoq4EZixQ","train"
"5kY-Iv6UkeU.003","5kY-Iv6UkeU","train"
"5Mc-mjLvvGU.000","5Mc-mjLvvGU","train"
"5Mc-mjLvvGU.003","5Mc-mjLvvGU","train"
"5-mwIFjOWZ4.000","5-mwIFjOWZ4","train"
"5PsD_NFMWpQ.000","5PsD_NFMWpQ","train"
"-5riMLK-PgU.001","-5riMLK-PgU","train"
"5T2PhH-OMds.000","5T2PhH-OMds","train"
"5T2PhH-OMds.001","5T2PhH-OMds","train"
"5T2PhH-OMds.003","5T2PhH-OMds","train"
"5TYuLy7JLj4.000","5TYuLy7JLj4","train"
"5U0xeSXEZOU.000","5U0xeSXEZOU","train"
"5U0xeSXEZOU.001","5U0xeSXEZOU","train"
"5U0xeSXEZOU.004","5U0xeSXEZOU","train"
"5U0xeSXEZOU.005","5U0xeSXEZOU","train"
"5uFZ-2kYGO0.000","5uFZ-2kYGO0","train"
"5VG1EgzvprE.000","5VG1EgzvprE","train"
"5VG1EgzvprE.005","5VG1EgzvprE","train"
"5Wfa94_5Psg.002","5Wfa94_5Psg","train"
"5Wfa94_5Psg.003","5Wfa94_5Psg","train"
"5Wfa94_5Psg.004","5Wfa94_5Psg","train"
"5Wmlo8Z5yVA.003","5Wmlo8Z5yVA","train"
"5wpoKhbt28c.001","5wpoKhbt28c","train"
"5wpoKhbt28c.004","5wpoKhbt28c","train"
"5xA8-Y5qgT0.000","5xA8-Y5qgT0","train"
"5xA8-Y5qgT0.001","5xA8-Y5qgT0","train"
"5xA8-Y5qgT0.003","5xA8-Y5qgT0","train"
"5xA8-Y5qgT0.004","5xA8-Y5qgT0","train"
"5z4G0biL9B4.000","5z4G0biL9B4","train"
"5z4G0biL9B4.003","5z4G0biL9B4","train"
"6-_1-vBNl_0.002","6-_1-vBNl_0","train"
"6-_1-vBNl_0.003","6-_1-vBNl_0","train"
"6-_1-vBNl_0.004","6-_1-vBNl_0","train"
"62ngcaBjRCY.005","62ngcaBjRCY","train"
"65xWDhgq1OE.004","65xWDhgq1OE","train"
"69BopbFc34U.000","69BopbFc34U","train"
"69BopbFc34U.001","69BopbFc34U","train"
"69BopbFc34U.004","69BopbFc34U","train"
"69EsTnCVCp0.003","69EsTnCVCp0","train"
"6CRet5sD6xI.003","6CRet5sD6xI","train"
"6e5BsNaQmTo.003","6e5BsNaQmTo","train"
"6EMgu2djYrU.001","6EMgu2djYrU","train"
"6EMgu2djYrU.002","6EMgu2djYrU","train"
"6EMgu2djYrU.004","6EMgu2djYrU","train"
"6EMgu2djYrU.005","6EMgu2djYrU","train"
"6ePyEPQp77Q.001","6ePyEPQp77Q","train"
"6ePyEPQp77Q.002","6ePyEPQp77Q","train"
"6ePyEPQp77Q.004","6ePyEPQp77Q","train"
"6ePyEPQp77Q.005","6ePyEPQp77Q","train"
"6h6kk-tPzmE.000","6h6kk-tPzmE","train"
"6IOtQTOyQRU.000","6IOtQTOyQRU","train"
"6IOtQTOyQRU.001","6IOtQTOyQRU","train"
"6JfSPPVUgIg.003","6JfSPPVUgIg","train"
"6JfSPPVUgIg.005","6JfSPPVUgIg","train"
"6k8RQViPUTc.000","6k8RQViPUTc","train"
"6KKNrufnL80.000","6KKNrufnL80","train"
"6LKbPUX03sY.000","6LKbPUX03sY","train"
"6LKbPUX03sY.003","6LKbPUX03sY","train"
"6LKbPUX03sY.005","6LKbPUX03sY","train"
"6N02tjYPLh8.000","6N02tjYPLh8","train"
"6N02tjYPLh8.001","6N02tjYPLh8","train"
"6N02tjYPLh8.005","6N02tjYPLh8","train"
"6nbxAP_ZKQQ.000","6nbxAP_ZKQQ","train"
"6nbxAP_ZKQQ.005","6nbxAP_ZKQQ","train"
"6NHEp_CF2jE.000","6NHEp_CF2jE","train"
"6NjuNY4LfQc.004","6NjuNY4LfQc","train"
"6nv6D2moFQw.002","6nv6D2moFQw","train"
"6nv6D2moFQw.003","6nv6D2moFQw","train"
"6nv6D2moFQw.005","6nv6D2moFQw","train"
"6-O-HJf6OZI.001","6-O-HJf6OZI","train"
"6-O-HJf6OZI.002","6-O-HJf6OZI","train"
"6-O-HJf6OZI.004","6-O-HJf6OZI","train"
"6-O-HJf6OZI.005","6-O-HJf6OZI","train"
"6oL9yyc9iJc.001","6oL9yyc9iJc","train"
"6oL9yyc9iJc.003","6oL9yyc9iJc","train"
"-6otZ7M-Mro.000","-6otZ7M-Mro","train"
"-6otZ7M-Mro.001","-6otZ7M-Mro","train"
"6RwVJK3husE.005","6RwVJK3husE","train"
"6SiutTvCDUw.000","6SiutTvCDUw","train"
"6SiutTvCDUw.001","6SiutTvCDUw","train"
"6tBnFWDqvJE.003","6tBnFWDqvJE","train"
"6TkMavTyimI.000","6TkMavTyimI","train"
"6TkMavTyimI.001","6TkMavTyimI","train"
"6TkMavTyimI.002","6TkMavTyimI","train"
"6TkMavTyimI.003","6TkMavTyimI","train"
"6TkMavTyimI.004","6TkMavTyimI","train"
"6TkMavTyimI.005","6TkMavTyimI","train"
"6tyhnIgNVs8.005","6tyhnIgNVs8","train"
"6uqXoPJSoPg.000","6uqXoPJSoPg","train"
"6uqXoPJSoPg.003","6uqXoPJSoPg","train"
"6uqXoPJSoPg.004","6uqXoPJSoPg","train"
"6uqXoPJSoPg.005","6uqXoPJSoPg","train"
"6V92xyqy0q4.000","6V92xyqy0q4","train"
"6V92xyqy0q4.001","6V92xyqy0q4","train"
"6waL_gUxtAM.000","6waL_gUxtAM","train"
"6waL_gUxtAM.004","6waL_gUxtAM","train"
"6wHQsN5g2RM.000","6wHQsN5g2RM","train"
"6wHQsN5g2RM.002","6wHQsN5g2RM","train"
"6wHQsN5g2RM.003","6wHQsN5g2RM","train"
"6wHQsN5g2RM.004","6wHQsN5g2RM","train"
"6wIEiqmuHOM.000","6wIEiqmuHOM","train"
"6WSr4IW6cNI.000","6WSr4IW6cNI","train"
"6WSr4IW6cNI.003","6WSr4IW6cNI","train"
"6xlHkQDHxbs.000","6xlHkQDHxbs","train"
"6zm71IHOCZA.000","6zm71IHOCZA","train"
"6zm71IHOCZA.001","6zm71IHOCZA","train"
"6zm71IHOCZA.002","6zm71IHOCZA","train"
"70FJFG-MISQ.004","70FJFG-MISQ","train"
"75XbCb7G8kw.001","75XbCb7G8kw","train"
"75XbCb7G8kw.002","75XbCb7G8kw","train"
"78zauTEQ-k8.000","78zauTEQ-k8","train"
"78zauTEQ-k8.001","78zauTEQ-k8","train"
"78zauTEQ-k8.004","78zauTEQ-k8","train"
"79xbT95IyKI.001","79xbT95IyKI","train"
"7b9DirXrkHo.002","7b9DirXrkHo","train"
"7b9DirXrkHo.003","7b9DirXrkHo","train"
"7BgScfRre5M.001","7BgScfRre5M","train"
"7BgScfRre5M.003","7BgScfRre5M","train"
"7BgScfRre5M.004","7BgScfRre5M","train"
"7FXs86Z98E0.002","7FXs86Z98E0","train"
"7GRC7XjGzX8.001","7GRC7XjGzX8","train"
"7GRC7XjGzX8.003","7GRC7XjGzX8","train"
"7gyJdWaLpmE.003","7gyJdWaLpmE","train"
"7gyJdWaLpmE.004","7gyJdWaLpmE","train"
"7I-B2bBL0K0.004","7I-B2bBL0K0","train"
"7IegDaeNlik.000","7IegDaeNlik","train"
"7IegDaeNlik.002","7IegDaeNlik","train"
"7IegDaeNlik.003","7IegDaeNlik","train"
"7IegDaeNlik.005","7IegDaeNlik","train"
"7Kn5VT9bB4I.001","7Kn5VT9bB4I","train"
"7kO7jYYUVWg.004","7kO7jYYUVWg","train"
"7LHmNEH65Pk.000","7LHmNEH65Pk","train"
"7LHmNEH65Pk.002","7LHmNEH65Pk","train"
"7LHmNEH65Pk.004","7LHmNEH65Pk","train"
"7LHmNEH65Pk.005","7LHmNEH65Pk","train"
"7MwZm3mhSA8.004","7MwZm3mhSA8","train"
"7nhJXn9PI0I.001","7nhJXn9PI0I","train"
"7nhJXn9PI0I.004","7nhJXn9PI0I","train"
"7nhJXn9PI0I.005","7nhJXn9PI0I","train"
"7nJPNkWZDOY.003","7nJPNkWZDOY","train"
"7P2F5Mk_Q1s.000","7P2F5Mk_Q1s","train"
"7P2F5Mk_Q1s.002","7P2F5Mk_Q1s","train"
"7pLWTfnOSIU.001","7pLWTfnOSIU","train"
"7pLWTfnOSIU.004","7pLWTfnOSIU","train"
"7pLYJKO75_c.001","7pLYJKO75_c","train"
"7PYAn9njCHI.001","7PYAn9njCHI","train"
"7PYAn9njCHI.004","7PYAn9njCHI","train"
"7QeVs-mXmcI.003","7QeVs-mXmcI","train"
"7qGYGbIg45c.002","7qGYGbIg45c","train"
"7qGYGbIg45c.004","7qGYGbIg45c","train"
"7qGYGbIg45c.005","7qGYGbIg45c","train"
"7RQbn7LM10I.000","7RQbn7LM10I","train"
"7rZF73nDGEY.003","7rZF73nDGEY","train"
"7s3itKIXww0.002","7s3itKIXww0","train"
"7tlMys6MZ34.000","7tlMys6MZ34","train"
"7tlMys6MZ34.001","7tlMys6MZ34","train"
"7tlMys6MZ34.003","7tlMys6MZ34","train"
"7tlMys6MZ34.004","7tlMys6MZ34","train"
"7tlMys6MZ34.005","7tlMys6MZ34","train"
"7TvOygqwNuE.000","7TvOygqwNuE","train"
"7UQt8QB3cQY.001","7UQt8QB3cQY","train"
"7UQt8QB3cQY.002","7UQt8QB3cQY","train"
"7UQt8QB3cQY.003","7UQt8QB3cQY","train"
"7UQt8QB3cQY.004","7UQt8QB3cQY","train"
"7vF5WLD1RxY.003","7vF5WLD1RxY","train"
"7Wr-fwmpRfw.001","7Wr-fwmpRfw","train"
"7Wr-fwmpRfw.003","7Wr-fwmpRfw","train"
"7wsksuXYoMY.000","7wsksuXYoMY","train"
"7wsksuXYoMY.001","7wsksuXYoMY","train"
"7wsksuXYoMY.002","7wsksuXYoMY","train"
"7wsksuXYoMY.004","7wsksuXYoMY","train"
"7wsksuXYoMY.005","7wsksuXYoMY","train"
"7Y3S4nfQHeo.001","7Y3S4nfQHeo","train"
"7Y3S4nfQHeo.002","7Y3S4nfQHeo","train"
"7Y3S4nfQHeo.005","7Y3S4nfQHeo","train"
"7Y4cUPFEt-4.000","7Y4cUPFEt-4","train"
"7Y4cUPFEt-4.002","7Y4cUPFEt-4","train"
"7Y4cUPFEt-4.005","7Y4cUPFEt-4","train"
"7ZnijRlK5-E.002","7ZnijRlK5-E","train"
"7ZnijRlK5-E.003","7ZnijRlK5-E","train"
"81f9t2HMNas.001","81f9t2HMNas","train"
"81f9t2HMNas.002","81f9t2HMNas","train"
"81f9t2HMNas.003","81f9t2HMNas","train"
"81f9t2HMNas.004","81f9t2HMNas","train"
"81f9t2HMNas.005","81f9t2HMNas","train"
"836kYlEs9GI.001","836kYlEs9GI","train"
"836kYlEs9GI.002","836kYlEs9GI","train"
"836kYlEs9GI.003","836kYlEs9GI","train"
"83cmR2fkyy8.002","83cmR2fkyy8","train"
"83cmR2fkyy8.004","83cmR2fkyy8","train"
"83cmR2fkyy8.005","83cmR2fkyy8","train"
"84emxO86qa8.001","84emxO86qa8","train"
"84emxO86qa8.002","84emxO86qa8","train"
"84emxO86qa8.005","84emxO86qa8","train"
"84Lz5a9yRZg.001","84Lz5a9yRZg","train"
"84Lz5a9yRZg.002","84Lz5a9yRZg","train"
"84Lz5a9yRZg.004","84Lz5a9yRZg","train"
"853IG69l2SE.000","853IG69l2SE","train"
"853IG69l2SE.003","853IG69l2SE","train"
"86HyqfDcAJM.001","86HyqfDcAJM","train"
"86upzmhvpXw.001","86upzmhvpXw","train"
"86upzmhvpXw.002","86upzmhvpXw","train"
"86upzmhvpXw.005","86upzmhvpXw","train"
"87r3cLkrw4A.002","87r3cLkrw4A","train"
"8aLr0vNobr4.000","8aLr0vNobr4","train"
"8aLr0vNobr4.001","8aLr0vNobr4","train"
"8aLr0vNobr4.004","8aLr0vNobr4","train"
"8AnIttmflwI.002","8AnIttmflwI","train"
"8aPfoJiDeBY.004","8aPfoJiDeBY","train"
"-8asrRvfJWA.003","-8asrRvfJWA","train"
"-8asrRvfJWA.004","-8asrRvfJWA","train"
"8AyIkT2Dg14.003","8AyIkT2Dg14","train"
"8BE-2l-RBjA.000","8BE-2l-RBjA","train"
"8BE-2l-RBjA.003","8BE-2l-RBjA","train"
"8bn3HZY76xU.000","8bn3HZY76xU","train"
"8bn3HZY76xU.001","8bn3HZY76xU","train"
"8bn3HZY76xU.004","8bn3HZY76xU","train"
"8Bt-vEroq6M.003","8Bt-vEroq6M","train"
"8Bt-vEroq6M.004","8Bt-vEroq6M","train"
"8c4_VDh2r5s.001","8c4_VDh2r5s","train"
"8cIuBkFoh0s.000","8cIuBkFoh0s","train"
"8dVcA5J1Dcw.000","8dVcA5J1Dcw","train"
"8e4nnel_x-M.001","8e4nnel_x-M","train"
"8e4nnel_x-M.005","8e4nnel_x-M","train"
"8eeZjC_bmtc.001","8eeZjC_bmtc","train"
"8eeZjC_bmtc.005","8eeZjC_bmtc","train"
"8g5jPiQ6XdA.001","8g5jPiQ6XdA","train"
"8g5jPiQ6XdA.003","8g5jPiQ6XdA","train"
"8g5jPiQ6XdA.004","8g5jPiQ6XdA","train"
"8GFElKeREfQ.000","8GFElKeREfQ","train"
"8GFElKeREfQ.005","8GFElKeREfQ","train"
"8gvBbE6iZNo.001","8gvBbE6iZNo","train"
"8gvBbE6iZNo.003","8gvBbE6iZNo","train"
"8gvBbE6iZNo.005","8gvBbE6iZNo","train"
"8hfhLOXpCNM.002","8hfhLOXpCNM","train"
"8hfhLOXpCNM.005","8hfhLOXpCNM","train"
"8hGOOynn3ZU.003","8hGOOynn3ZU","train"
"8hGOOynn3ZU.005","8hGOOynn3ZU","train"
"8HqEniErmmE.000","8HqEniErmmE","train"
"8hW6WfYBP18.001","8hW6WfYBP18","train"
"8hW6WfYBP18.005","8hW6WfYBP18","train"
"8i7H-uSCQcc.001","8i7H-uSCQcc","train"
"8i7H-uSCQcc.004","8i7H-uSCQcc","train"
"8KyS0FKbKfI.002","8KyS0FKbKfI","train"
"8lg8A_zFOmg.000","8lg8A_zFOmg","train"
"8mZZlnbmOYE.000","8mZZlnbmOYE","train"
"8mZZlnbmOYE.001","8mZZlnbmOYE","train"
"8mZZlnbmOYE.003","8mZZlnbmOYE","train"
"8mZZlnbmOYE.004","8mZZlnbmOYE","train"
"8n6G3V3-Tk8.002","8n6G3V3-Tk8","train"
"8n6G3V3-Tk8.005","8n6G3V3-Tk8","train"
"8narByy2B5g.000","8narByy2B5g","train"
"8narByy2B5g.001","8narByy2B5g","train"
"8narByy2B5g.004","8narByy2B5g","train"
"8OGiv7FetSQ.000","8OGiv7FetSQ","train"
"8OGiv7FetSQ.001","8OGiv7FetSQ","train"
"8OGiv7FetSQ.002","8OGiv7FetSQ","train"
"8OGiv7FetSQ.004","8OGiv7FetSQ","train"
"8-OKP1nf19E.000","8-OKP1nf19E","train"
"8-OKP1nf19E.001","8-OKP1nf19E","train"
"8-OKP1nf19E.005","8-OKP1nf19E","train"
"8pM3X-xsD4s.001","8pM3X-xsD4s","train"
"8PXQ_5tUv74.000","8PXQ_5tUv74","train"
"8PXQ_5tUv74.001","8PXQ_5tUv74","train"
"8PXQ_5tUv74.004","8PXQ_5tUv74","train"
"8PXQ_5tUv74.005","8PXQ_5tUv74","train"
"8py6SksNsZQ.001","8py6SksNsZQ","train"
"8py6SksNsZQ.002","8py6SksNsZQ","train"
"8py6SksNsZQ.003","8py6SksNsZQ","train"
"8py6SksNsZQ.005","8py6SksNsZQ","train"
"8qDKGnABATw.001","8qDKGnABATw","train"
"8qesctueAV0.000","8qesctueAV0","train"
"8qG1sMihtPA.000","8qG1sMihtPA","train"
"8qG1sMihtPA.003","8qG1sMihtPA","train"
"8qG1sMihtPA.004","8qG1sMihtPA","train"
"8QtlG5ujHyc.001","8QtlG5ujHyc","train"
"8RObWRnyuG0.001","8RObWRnyuG0","train"
"8RVJqjILSD0.000","8RVJqjILSD0","train"
"8RVJqjILSD0.001","8RVJqjILSD0","train"
"8RVJqjILSD0.003","8RVJqjILSD0","train"
"8toLcoDcGOY.001","8toLcoDcGOY","train"
"8toLcoDcGOY.003","8toLcoDcGOY","train"
"8waTw8jF1Ys.000","8waTw8jF1Ys","train"
"8XBprf4NyOg.001","8XBprf4NyOg","train"
"8XBprf4NyOg.002","8XBprf4NyOg","train"
"8XBprf4NyOg.004","8XBprf4NyOg","train"
"8XBprf4NyOg.005","8XBprf4NyOg","train"
"8xHdW7Zx_OY.000","8xHdW7Zx_OY","train"
"8xHdW7Zx_OY.001","8xHdW7Zx_OY","train"
"8XJCdulCPkM.003","8XJCdulCPkM","train"
"8XJCdulCPkM.004","8XJCdulCPkM","train"
"8XJCdulCPkM.005","8XJCdulCPkM","train"
"8yFYvQ_kxW8.000","8yFYvQ_kxW8","train"
"8yFYvQ_kxW8.001","8yFYvQ_kxW8","train"
"8yFYvQ_kxW8.003","8yFYvQ_kxW8","train"
"8yFYvQ_kxW8.005","8yFYvQ_kxW8","train"
"8Yo-27O0P38.003","8Yo-27O0P38","train"
"8YQKwMdiaAE.001","8YQKwMdiaAE","train"
"8YQKwMdiaAE.002","8YQKwMdiaAE","train"
"8Z6PrQdqffA.001","8Z6PrQdqffA","train"
"8Z6PrQdqffA.002","8Z6PrQdqffA","train"
"8Z6PrQdqffA.004","8Z6PrQdqffA","train"
"8Z6PrQdqffA.005","8Z6PrQdqffA","train"
"8ZHpqRJ39HA.002","8ZHpqRJ39HA","train"
"8ZHpqRJ39HA.003","8ZHpqRJ39HA","train"
"8ZHpqRJ39HA.004","8ZHpqRJ39HA","train"
"8ZHpqRJ39HA.005","8ZHpqRJ39HA","train"
"8z-WF2UNRb8.002","8z-WF2UNRb8","train"
"9_6auSk_wkY.000","9_6auSk_wkY","train"
"9_6auSk_wkY.004","9_6auSk_wkY","train"
"9_6auSk_wkY.005","9_6auSk_wkY","train"
"90p68AEmNMA.000","90p68AEmNMA","train"
"90p68AEmNMA.001","90p68AEmNMA","train"
"93XyRBd_HqU.002","93XyRBd_HqU","train"
"98fnGDVky00.000","98fnGDVky00","train"
"98fnGDVky00.001","98fnGDVky00","train"
"98fnGDVky00.002","98fnGDVky00","train"
"98fnGDVky00.003","98fnGDVky00","train"
"98fnGDVky00.004","98fnGDVky00","train"
"98fnGDVky00.005","98fnGDVky00","train"
"99OBSlFjLXI.000","99OBSlFjLXI","train"
"99OBSlFjLXI.002","99OBSlFjLXI","train"
"9a-3LrB7cDI.000","9a-3LrB7cDI","train"
"9a-3LrB7cDI.003","9a-3LrB7cDI","train"
"9a-3LrB7cDI.004","9a-3LrB7cDI","train"
"9a-3LrB7cDI.005","9a-3LrB7cDI","train"
"9AsxY-x-TjM.000","9AsxY-x-TjM","train"
"9AsxY-x-TjM.002","9AsxY-x-TjM","train"
"9AsxY-x-TjM.004","9AsxY-x-TjM","train"
"-9BZ8A9U7TE.000","-9BZ8A9U7TE","train"
"-9BZ8A9U7TE.003","-9BZ8A9U7TE","train"
"-9BZ8A9U7TE.004","-9BZ8A9U7TE","train"
"9c66Lb7e1BQ.002","9c66Lb7e1BQ","train"
"9c66Lb7e1BQ.003","9c66Lb7e1BQ","train"
"9cHxDnk6SUs.000","9cHxDnk6SUs","train"
"9cHxDnk6SUs.001","9cHxDnk6SUs","train"
"9cHxDnk6SUs.002","9cHxDnk6SUs","train"
"9cHxDnk6SUs.005","9cHxDnk6SUs","train"
"9cj8rrj1wSk.000","9cj8rrj1wSk","train"
"9cj8rrj1wSk.004","9cj8rrj1wSk","train"
"9cj8rrj1wSk.005","9cj8rrj1wSk","train"
"9CPKW0sqR3E.000","9CPKW0sqR3E","train"
"9CPKW0sqR3E.001","9CPKW0sqR3E","train"
"9CPKW0sqR3E.002","9CPKW0sqR3E","train"
"9CPKW0sqR3E.003","9CPKW0sqR3E","train"
"9CPKW0sqR3E.005","9CPKW0sqR3E","train"
"9Crw2RtrBcY.000","9Crw2RtrBcY","train"
"9Crw2RtrBcY.001","9Crw2RtrBcY","train"
"9Crw2RtrBcY.002","9Crw2RtrBcY","train"
"9Crw2RtrBcY.003","9Crw2RtrBcY","train"
"9Crw2RtrBcY.004","9Crw2RtrBcY","train"
"9cWmvIfAAn0.000","9cWmvIfAAn0","train"
"9DF_-PXbpkg.001","9DF_-PXbpkg","train"
"9DF_-PXbpkg.002","9DF_-PXbpkg","train"
"9DF_-PXbpkg.003","9DF_-PXbpkg","train"
"9eNHxfOV2Kg.002","9eNHxfOV2Kg","train"
"9eNHxfOV2Kg.004","9eNHxfOV2Kg","train"
"9FN1KxoTMtQ.000","9FN1KxoTMtQ","train"
"9hMSThogdKo.001","9hMSThogdKo","train"
"9hqH1PJ6cG8.001","9hqH1PJ6cG8","train"
"9J-KIPMQmqk.004","9J-KIPMQmqk","train"
"9J-KIPMQmqk.005","9J-KIPMQmqk","train"
"9KAqOrdiZ4I.001","9KAqOrdiZ4I","train"
"9KAqOrdiZ4I.002","9KAqOrdiZ4I","train"
"9kEyN8a76j4.004","9kEyN8a76j4","train"
"9kEyN8a76j4.005","9kEyN8a76j4","train"
"9Lbj3wpwk-c.000","9Lbj3wpwk-c","train"
"9Lbj3wpwk-c.001","9Lbj3wpwk-c","train"
"9Lbj3wpwk-c.003","9Lbj3wpwk-c","train"
"9Lbj3wpwk-c.004","9Lbj3wpwk-c","train"
"9-lptN92A68.005","9-lptN92A68","train"
"9mAw0B-mEPQ.001","9mAw0B-mEPQ","train"
"9mAw0B-mEPQ.005","9mAw0B-mEPQ","train"
"9mM_0vrO3wc.003","9mM_0vrO3wc","train"
"9n8dNi-ERQ0.003","9n8dNi-ERQ0","train"
"9n8dNi-ERQ0.004","9n8dNi-ERQ0","train"
"9ND95tPlYt4.000","9ND95tPlYt4","train"
"9o10YrQykMk.000","9o10YrQykMk","train"
"9o10YrQykMk.002","9o10YrQykMk","train"
"9o10YrQykMk.003","9o10YrQykMk","train"
"9pGJyf1MXLY.000","9pGJyf1MXLY","train"
"9pGJyf1MXLY.002","9pGJyf1MXLY","train"
"9pGJyf1MXLY.005","9pGJyf1MXLY","train"
"9QGTbcqb2tM.001","9QGTbcqb2tM","train"
"9QGTbcqb2tM.002","9QGTbcqb2tM","train"
"9QGTbcqb2tM.003","9QGTbcqb2tM","train"
"9QOFKbaPX3M.000","9QOFKbaPX3M","train"
"9QOFKbaPX3M.001","9QOFKbaPX3M","train"
"9QOFKbaPX3M.002","9QOFKbaPX3M","train"
"9rF3BEXetOo.000","9rF3BEXetOo","train"
"9RfE2-aTvaM.000","9RfE2-aTvaM","train"
"9RfE2-aTvaM.001","9RfE2-aTvaM","train"
"9RfE2-aTvaM.003","9RfE2-aTvaM","train"
"9sfpnlBRCl0.000","9sfpnlBRCl0","train"
"9SGTRbePKLI.004","9SGTRbePKLI","train"
"9UEBU_yiTPs.001","9UEBU_yiTPs","train"
"9UEBU_yiTPs.002","9UEBU_yiTPs","train"
"9uMpKla2OQM.001","9uMpKla2OQM","train"
"9UUtf0_ZR14.001","9UUtf0_ZR14","train"
"9UWCHrG5mys.001","9UWCHrG5mys","train"
"9UWCHrG5mys.004","9UWCHrG5mys","train"
"9xJ0rFCU-OM.004","9xJ0rFCU-OM","train"
"9xJ0rFCU-OM.005","9xJ0rFCU-OM","train"
"9XqeGs2MMic.000","9XqeGs2MMic","train"
"9XvDnTa0Z1M.003","9XvDnTa0Z1M","train"
"9ydyJKZBWiA.000","9ydyJKZBWiA","train"
"9ydyJKZBWiA.001","9ydyJKZBWiA","train"
"9ydyJKZBWiA.002","9ydyJKZBWiA","train"
"9ydyJKZBWiA.003","9ydyJKZBWiA","train"
"9ydyJKZBWiA.005","9ydyJKZBWiA","train"
"9yZEb6bdxNY.000","9yZEb6bdxNY","train"
"9yZEb6bdxNY.004","9yZEb6bdxNY","train"
"9z5cV1ANYwE.002","9z5cV1ANYwE","train"
"9ZMIYSBYIh8.000","9ZMIYSBYIh8","train"
"9ZMIYSBYIh8.003","9ZMIYSBYIh8","train"
"A0braVJH3Pw.000","A0braVJH3Pw","train"
"A0braVJH3Pw.001","A0braVJH3Pw","train"
"A0braVJH3Pw.002","A0braVJH3Pw","train"
"A0braVJH3Pw.003","A0braVJH3Pw","train"
"A0braVJH3Pw.004","A0braVJH3Pw","train"
"A1lbD_OCuj4.000","A1lbD_OCuj4","train"
"A1lbD_OCuj4.003","A1lbD_OCuj4","train"
"A1lbD_OCuj4.005","A1lbD_OCuj4","train"
"a38rz5AIslE.001","a38rz5AIslE","train"
"a38rz5AIslE.003","a38rz5AIslE","train"
"A3StIKMjn4k.001","A3StIKMjn4k","train"
"A3StIKMjn4k.002","A3StIKMjn4k","train"
"A3StIKMjn4k.004","A3StIKMjn4k","train"
"A3StIKMjn4k.005","A3StIKMjn4k","train"
"a4bCX4P_5KI.000","a4bCX4P_5KI","train"
"A4zSLp-1gps.000","A4zSLp-1gps","train"
"A4zSLp-1gps.002","A4zSLp-1gps","train"
"A4zSLp-1gps.005","A4zSLp-1gps","train"
"a5NTqK367wo.000","a5NTqK367wo","train"
"a5-PJqy9QmU.001","a5-PJqy9QmU","train"
"a5-PJqy9QmU.002","a5-PJqy9QmU","train"
"a5tVPpLsaGc.002","a5tVPpLsaGc","train"
"a5tVPpLsaGc.003","a5tVPpLsaGc","train"
"A6ZWTfKPLPE.001","A6ZWTfKPLPE","train"
"A6ZWTfKPLPE.002","A6ZWTfKPLPE","train"
"A6ZWTfKPLPE.003","A6ZWTfKPLPE","train"
"A6ZWTfKPLPE.004","A6ZWTfKPLPE","train"
"A6ZWTfKPLPE.005","A6ZWTfKPLPE","train"
"A7exx3pEPkE.000","A7exx3pEPkE","train"
"A7exx3pEPkE.003","A7exx3pEPkE","train"
"A7exx3pEPkE.005","A7exx3pEPkE","train"
"A7qb47cmxJo.000","A7qb47cmxJo","train"
"A7qb47cmxJo.005","A7qb47cmxJo","train"
"a84s1DYag-I.001","a84s1DYag-I","train"
"a84s1DYag-I.004","a84s1DYag-I","train"
"a97PXgrKSxo.000","a97PXgrKSxo","train"
"a97PXgrKSxo.003","a97PXgrKSxo","train"
"a97PXgrKSxo.005","a97PXgrKSxo","train"
"aaDlp62qn60.002","aaDlp62qn60","train"
"ABWFQuPG1LA.000","ABWFQuPG1LA","train"
"ABWFQuPG1LA.002","ABWFQuPG1LA","train"
"ABWFQuPG1LA.003","ABWFQuPG1LA","train"
"ABWFQuPG1LA.004","ABWFQuPG1LA","train"
"ABWFQuPG1LA.005","ABWFQuPG1LA","train"
"ADa9rkwF2uA.000","ADa9rkwF2uA","train"
"ADa9rkwF2uA.001","ADa9rkwF2uA","train"
"ADa9rkwF2uA.002","ADa9rkwF2uA","train"
"ADa9rkwF2uA.003","ADa9rkwF2uA","train"
"AEqpMdMeMZA.002","AEqpMdMeMZA","train"
"Af_F0IzHK6o.000","Af_F0IzHK6o","train"
"Af_F0IzHK6o.004","Af_F0IzHK6o","train"
"AFQz-qy0FkY.001","AFQz-qy0FkY","train"
"AFtQfwBA_gI.000","AFtQfwBA_gI","train"
"aFVFvJNnFt0.000","aFVFvJNnFt0","train"
"aFVFvJNnFt0.001","aFVFvJNnFt0","train"
"aFVFvJNnFt0.003","aFVFvJNnFt0","train"
"aFVFvJNnFt0.004","aFVFvJNnFt0","train"
"aFVFvJNnFt0.005","aFVFvJNnFt0","train"
"AFvUxDwJB84.000","AFvUxDwJB84","train"
"AFvUxDwJB84.001","AFvUxDwJB84","train"
"AFvUxDwJB84.002","AFvUxDwJB84","train"
"AFvUxDwJB84.003","AFvUxDwJB84","train"
"-agCXYgb7pI.004","-agCXYgb7pI","train"
"Agg7z10B_iY.000","Agg7z10B_iY","train"
"Agg7z10B_iY.001","Agg7z10B_iY","train"
"Agg7z10B_iY.002","Agg7z10B_iY","train"
"AGYoSGlq-ck.002","AGYoSGlq-ck","train"
"AheKnXrL0Wk.002","AheKnXrL0Wk","train"
"Ahiq4zhmYco.002","Ahiq4zhmYco","train"
"ahqyOhg6D7c.003","ahqyOhg6D7c","train"
"aIh8DTa3RVg.001","aIh8DTa3RVg","train"
"ai-RZb0ZpKI.002","ai-RZb0ZpKI","train"
"ai-RZb0ZpKI.003","ai-RZb0ZpKI","train"
"AjCI_w9Szks.005","AjCI_w9Szks","train"
"AJIphVRpYrg.002","AJIphVRpYrg","train"
"AJIphVRpYrg.003","AJIphVRpYrg","train"
"AJIphVRpYrg.004","AJIphVRpYrg","train"
"AJIphVRpYrg.005","AJIphVRpYrg","train"
"aJjAtOC8AQU.005","aJjAtOC8AQU","train"
"aKLadP_Wev8.000","aKLadP_Wev8","train"
"aKLadP_Wev8.001","aKLadP_Wev8","train"
"aLAqJkRWKuk.000","aLAqJkRWKuk","train"
"aLAqJkRWKuk.002","aLAqJkRWKuk","train"
"AlEqtGWa43g.000","AlEqtGWa43g","train"
"AlEqtGWa43g.005","AlEqtGWa43g","train"
"Alox0G4xUfM.000","Alox0G4xUfM","train"
"alucqviYJFE.001","alucqviYJFE","train"
"alucqviYJFE.002","alucqviYJFE","train"
"alucqviYJFE.003","alucqviYJFE","train"
"alucqviYJFE.004","alucqviYJFE","train"
"aLvpOYqzErk.000","aLvpOYqzErk","train"
"-AmMDnVl4s8.003","-AmMDnVl4s8","train"
"aMmEPRJGocM.000","aMmEPRJGocM","train"
"aMmEPRJGocM.004","aMmEPRJGocM","train"
"aMPe0uSKqF4.001","aMPe0uSKqF4","train"
"aMPe0uSKqF4.002","aMPe0uSKqF4","train"
"aMPe0uSKqF4.003","aMPe0uSKqF4","train"
"aMPe0uSKqF4.004","aMPe0uSKqF4","train"
"aMPe0uSKqF4.005","aMPe0uSKqF4","train"
"ana5C73n9bY.000","ana5C73n9bY","train"
"ana5C73n9bY.001","ana5C73n9bY","train"
"ana5C73n9bY.002","ana5C73n9bY","train"
"ana5C73n9bY.003","ana5C73n9bY","train"
"ana5C73n9bY.004","ana5C73n9bY","train"
"ana5C73n9bY.005","ana5C73n9bY","train"
"a-nUsP7oETI.000","a-nUsP7oETI","train"
"a-nUsP7oETI.005","a-nUsP7oETI","train"
"AobPtpyKat8.001","AobPtpyKat8","train"
"aoRjg63uRww.003","aoRjg63uRww","train"
"aoRjg63uRww.004","aoRjg63uRww","train"
"AotbiNsU85A.000","AotbiNsU85A","train"
"AotbiNsU85A.001","AotbiNsU85A","train"
"AotbiNsU85A.002","AotbiNsU85A","train"
"AP0aklGHino.000","AP0aklGHino","train"
"AP0aklGHino.003","AP0aklGHino","train"
"AP0aklGHino.005","AP0aklGHino","train"
"Ap2KC1yKDdA.002","Ap2KC1yKDdA","train"
"ApPnsnIZozw.004","ApPnsnIZozw","train"
"ApPnsnIZozw.005","ApPnsnIZozw","train"
"APqMkruLkoE.004","APqMkruLkoE","train"
"aptKaxP81xA.000","aptKaxP81xA","train"
"aptKaxP81xA.002","aptKaxP81xA","train"
"aptKaxP81xA.004","aptKaxP81xA","train"
"aPTNxA43WHY.000","aPTNxA43WHY","train"
"aPTNxA43WHY.002","aPTNxA43WHY","train"
"aqA6oI5L1RQ.005","aqA6oI5L1RQ","train"
"aqd4_4ga1fQ.000","aqd4_4ga1fQ","train"
"aqd4_4ga1fQ.001","aqd4_4ga1fQ","train"
"aqd4_4ga1fQ.003","aqd4_4ga1fQ","train"
"aqd4_4ga1fQ.004","aqd4_4ga1fQ","train"
"aqK-wcGILjw.000","aqK-wcGILjw","train"
"aQVGVhcMBtE.004","aQVGVhcMBtE","train"
"AQz6_ZpzGIE.003","AQz6_ZpzGIE","train"
"AR3UwbmgKuQ.001","AR3UwbmgKuQ","train"
"AR3UwbmgKuQ.003","AR3UwbmgKuQ","train"
"AR3UwbmgKuQ.004","AR3UwbmgKuQ","train"
"AR3UwbmgKuQ.005","AR3UwbmgKuQ","train"
"ArMkA9R1QxY.000","ArMkA9R1QxY","train"
"ArMkA9R1QxY.002","ArMkA9R1QxY","train"
"Arsrkqma4i4.000","Arsrkqma4i4","train"
"Arsrkqma4i4.001","Arsrkqma4i4","train"
"AS8snUf9eX0.000","AS8snUf9eX0","train"
"AS8snUf9eX0.001","AS8snUf9eX0","train"
"AS8snUf9eX0.002","AS8snUf9eX0","train"
"AS8snUf9eX0.003","AS8snUf9eX0","train"
"As93GgkTdt4.001","As93GgkTdt4","train"
"As93GgkTdt4.003","As93GgkTdt4","train"
"As93GgkTdt4.004","As93GgkTdt4","train"
"ASDpn9yOYAo.002","ASDpn9yOYAo","train"
"ask-ZFRztf8.001","ask-ZFRztf8","train"
"ask-ZFRztf8.002","ask-ZFRztf8","train"
"ask-ZFRztf8.005","ask-ZFRztf8","train"
"atdhaGEh_0c.000","atdhaGEh_0c","train"
"atH8mnvu-sE.005","atH8mnvu-sE","train"
"-aU2FN5pkWA.001","-aU2FN5pkWA","train"
"-aU2FN5pkWA.004","-aU2FN5pkWA","train"
"AuaQ0rtedRk.001","AuaQ0rtedRk","train"
"auhe41Tf50M.003","auhe41Tf50M","train"
"AV7aKrAs-kM.005","AV7aKrAs-kM","train"
"AVLEr0sYFhs.000","AVLEr0sYFhs","train"
"AvuGsnkWjt8.001","AvuGsnkWjt8","train"
"AvuGsnkWjt8.002","AvuGsnkWjt8","train"
"AvuWv3LLmrA.003","AvuWv3LLmrA","train"
"AvuWv3LLmrA.005","AvuWv3LLmrA","train"
"-awAu11kBZ0.000","-awAu11kBZ0","train"
"AWe6ZZUmlZw.000","AWe6ZZUmlZw","train"
"AWe6ZZUmlZw.004","AWe6ZZUmlZw","train"
"AWe6ZZUmlZw.005","AWe6ZZUmlZw","train"
"AwNVGShHjvw.000","AwNVGShHjvw","train"
"AwNVGShHjvw.001","AwNVGShHjvw","train"
"AwNVGShHjvw.002","AwNVGShHjvw","train"
"AwNVGShHjvw.004","AwNVGShHjvw","train"
"AWyKLALCUyM.000","AWyKLALCUyM","train"
"AWZLchLstio.003","AWZLchLstio","train"
"ax1Fck6zMzk.003","ax1Fck6zMzk","train"
"ax8wm9K41og.000","ax8wm9K41og","train"
"ay4cdKr1I0o.000","ay4cdKr1I0o","train"
"ay4cdKr1I0o.001","ay4cdKr1I0o","train"
"Ay7bZ7Sgx9Q.001","Ay7bZ7Sgx9Q","train"
"Ay7bZ7Sgx9Q.003","Ay7bZ7Sgx9Q","train"
"Ay7bZ7Sgx9Q.004","Ay7bZ7Sgx9Q","train"
"AZ2HyBOmliQ.005","AZ2HyBOmliQ","train"
"AZj2VoCcayA.000","AZj2VoCcayA","train"
"AZj2VoCcayA.001","AZj2VoCcayA","train"
"AZj2VoCcayA.005","AZj2VoCcayA","train"
"B1efbNxLPe8.005","B1efbNxLPe8","train"
"b26ZykbKSzY.005","b26ZykbKSzY","train"
"B2q0gbLVeck.000","B2q0gbLVeck","train"
"b2Y41GrCrPs.000","b2Y41GrCrPs","train"
"b2Y41GrCrPs.001","b2Y41GrCrPs","train"
"b2Y41GrCrPs.003","b2Y41GrCrPs","train"
"b39BQbVhOAg.001","b39BQbVhOAg","train"
"b39BQbVhOAg.002","b39BQbVhOAg","train"
"b39BQbVhOAg.003","b39BQbVhOAg","train"
"b39BQbVhOAg.004","b39BQbVhOAg","train"
"b39BQbVhOAg.005","b39BQbVhOAg","train"
"B3VQeeev0r0.001","B3VQeeev0r0","train"
"B3VQeeev0r0.002","B3VQeeev0r0","train"
"B3zFJhrmqwg.001","B3zFJhrmqwg","train"
"B3zFJhrmqwg.002","B3zFJhrmqwg","train"
"B4ducm9sydg.000","B4ducm9sydg","train"
"B4ducm9sydg.001","B4ducm9sydg","train"
"B4ducm9sydg.002","B4ducm9sydg","train"
"B4ducm9sydg.003","B4ducm9sydg","train"
"B4ducm9sydg.005","B4ducm9sydg","train"
"b69IYs1G1zc.000","b69IYs1G1zc","train"
"b69IYs1G1zc.002","b69IYs1G1zc","train"
"b69IYs1G1zc.003","b69IYs1G1zc","train"
"b6eoqD1J_qU.002","b6eoqD1J_qU","train"
"b6eoqD1J_qU.003","b6eoqD1J_qU","train"
"b6eoqD1J_qU.004","b6eoqD1J_qU","train"
"b6eoqD1J_qU.005","b6eoqD1J_qU","train"
"B77ZCcCMrkM.004","B77ZCcCMrkM","train"
"B77ZCcCMrkM.005","B77ZCcCMrkM","train"
"b8GPFr11adA.001","b8GPFr11adA","train"
"b8GPFr11adA.002","b8GPFr11adA","train"
"b8GPFr11adA.004","b8GPFr11adA","train"
"b8GPFr11adA.005","b8GPFr11adA","train"
"B8kzwm6ZaUo.000","B8kzwm6ZaUo","train"
"B8kzwm6ZaUo.001","B8kzwm6ZaUo","train"
"B8kzwm6ZaUo.002","B8kzwm6ZaUo","train"
"B9NSU6gQdRw.005","B9NSU6gQdRw","train"
"BA5qWO9eU2Y.000","BA5qWO9eU2Y","train"
"bAxlTgobVHE.000","bAxlTgobVHE","train"
"bAxlTgobVHE.001","bAxlTgobVHE","train"
"bAxlTgobVHE.002","bAxlTgobVHE","train"
"bBqZyG-9ksM.005","bBqZyG-9ksM","train"
"BBSB9OJdb0Q.001","BBSB9OJdb0Q","train"
"BBSB9OJdb0Q.002","BBSB9OJdb0Q","train"
"BCPoSirpmEw.005","BCPoSirpmEw","train"
"bcRPLKygrNk.000","bcRPLKygrNk","train"
"bcRPLKygrNk.001","bcRPLKygrNk","train"
"bcRPLKygrNk.003","bcRPLKygrNk","train"
"bcx6xr9Ja-8.001","bcx6xr9Ja-8","train"
"bcx6xr9Ja-8.004","bcx6xr9Ja-8","train"
"bcx6xr9Ja-8.005","bcx6xr9Ja-8","train"
"bDjqDn6susQ.000","bDjqDn6susQ","train"
"be0DQawtVkE.000","be0DQawtVkE","train"
"be0DQawtVkE.001","be0DQawtVkE","train"
"be0DQawtVkE.003","be0DQawtVkE","train"
"be0DQawtVkE.004","be0DQawtVkE","train"
"bej-DbxTkWA.000","bej-DbxTkWA","train"
"bej-DbxTkWA.003","bej-DbxTkWA","train"
"bEXDNfLBy1I.002","bEXDNfLBy1I","train"
"bEXDNfLBy1I.003","bEXDNfLBy1I","train"
"bEXDNfLBy1I.004","bEXDNfLBy1I","train"
"BeyIfaH64xY.000","BeyIfaH64xY","train"
"BeyIfaH64xY.001","BeyIfaH64xY","train"
"BeyIfaH64xY.003","BeyIfaH64xY","train"
"BeyIfaH64xY.004","BeyIfaH64xY","train"
"bFwtVtZodIg.002","bFwtVtZodIg","train"
"bFwtVtZodIg.004","bFwtVtZodIg","train"
"BgfYyUAoNPs.000","BgfYyUAoNPs","train"
"bGLwxQ1lonQ.005","bGLwxQ1lonQ","train"
"Bi3XVSF4rac.000","Bi3XVSF4rac","train"
"Bije9nsMl7M.000","Bije9nsMl7M","train"
"Bije9nsMl7M.003","Bije9nsMl7M","train"
"Bije9nsMl7M.004","Bije9nsMl7M","train"
"Bije9nsMl7M.005","Bije9nsMl7M","train"
"bJktioZ5Yxk.002","bJktioZ5Yxk","train"
"bJktioZ5Yxk.003","bJktioZ5Yxk","train"
"bJktioZ5Yxk.004","bJktioZ5Yxk","train"
"BJpWi1qGp1A.000","BJpWi1qGp1A","train"
"BJpWi1qGp1A.004","BJpWi1qGp1A","train"
"BjQ95T-Dw1U.000","BjQ95T-Dw1U","train"
"BjQ95T-Dw1U.002","BjQ95T-Dw1U","train"
"BjQ95T-Dw1U.003","BjQ95T-Dw1U","train"
"BjQ95T-Dw1U.004","BjQ95T-Dw1U","train"
"BjQ95T-Dw1U.005","BjQ95T-Dw1U","train"
"BjzSIV3dutk.000","BjzSIV3dutk","train"
"Bk9Hxn7Drxw.003","Bk9Hxn7Drxw","train"
"Bk9Hxn7Drxw.004","Bk9Hxn7Drxw","train"
"BkDdtxDPjJA.001","BkDdtxDPjJA","train"
"bkzgccBFztM.000","bkzgccBFztM","train"
"bkzgccBFztM.001","bkzgccBFztM","train"
"bkzgccBFztM.003","bkzgccBFztM","train"
"blAjqQ0ja8Q.003","blAjqQ0ja8Q","train"
"blAjqQ0ja8Q.005","blAjqQ0ja8Q","train"
"BLc_GvsbI1U.000","BLc_GvsbI1U","train"
"BLc_GvsbI1U.003","BLc_GvsbI1U","train"
"BLeDNfK2quI.000","BLeDNfK2quI","train"
"BLeDNfK2quI.001","BLeDNfK2quI","train"
"BLeDNfK2quI.002","BLeDNfK2quI","train"
"BLeDNfK2quI.003","BLeDNfK2quI","train"
"BLeDNfK2quI.004","BLeDNfK2quI","train"
"BLeDNfK2quI.005","BLeDNfK2quI","train"
"BLKXsX7-WIg.000","BLKXsX7-WIg","train"
"BLKXsX7-WIg.001","BLKXsX7-WIg","train"
"BLKXsX7-WIg.003","BLKXsX7-WIg","train"
"bLOSPQ8MAC8.001","bLOSPQ8MAC8","train"
"bLOSPQ8MAC8.004","bLOSPQ8MAC8","train"
"bLrrDM1Opu0.001","bLrrDM1Opu0","train"
"bLrrDM1Opu0.003","bLrrDM1Opu0","train"
"BlvmREgt2C0.002","BlvmREgt2C0","train"
"BlvmREgt2C0.005","BlvmREgt2C0","train"
"BLwgxAWf7cg.003","BLwgxAWf7cg","train"
"BLwgxAWf7cg.004","BLwgxAWf7cg","train"
"BmDClgdWlH4.000","BmDClgdWlH4","train"
"BmDClgdWlH4.002","BmDClgdWlH4","train"
"BmDClgdWlH4.004","BmDClgdWlH4","train"
"bmj4khBLUOs.001","bmj4khBLUOs","train"
"bMY2DaFFwzU.000","bMY2DaFFwzU","train"
"bMY2DaFFwzU.001","bMY2DaFFwzU","train"
"bMY2DaFFwzU.003","bMY2DaFFwzU","train"
"bMY2DaFFwzU.004","bMY2DaFFwzU","train"
"bMY2DaFFwzU.005","bMY2DaFFwzU","train"
"bN2IM-rqZlc.002","bN2IM-rqZlc","train"
"bnM9Ow52x3o.001","bnM9Ow52x3o","train"
"bnM9Ow52x3o.005","bnM9Ow52x3o","train"
"bnoPmV0_aIc.000","bnoPmV0_aIc","train"
"bnoPmV0_aIc.002","bnoPmV0_aIc","train"
"bnoPmV0_aIc.004","bnoPmV0_aIc","train"
"B-OJ_xZILLg.001","B-OJ_xZILLg","train"
"B-OJ_xZILLg.003","B-OJ_xZILLg","train"
"Bo-mrL28d8M.002","Bo-mrL28d8M","train"
"Bo-mrL28d8M.003","Bo-mrL28d8M","train"
"Bo-mrL28d8M.004","Bo-mrL28d8M","train"
"BONQpwyg9KQ.000","BONQpwyg9KQ","train"
"BOOMkDl8JwA.005","BOOMkDl8JwA","train"
"BpcQ9THDtp4.000","BpcQ9THDtp4","train"
"BPUFqFLZgZU.005","BPUFqFLZgZU","train"
"BQ9i8qkXiVQ.000","BQ9i8qkXiVQ","train"
"b-qfeGqPd04.000","b-qfeGqPd04","train"
"b-qfeGqPd04.001","b-qfeGqPd04","train"
"b-qfeGqPd04.005","b-qfeGqPd04","train"
"bRoIrXBO9DU.000","bRoIrXBO9DU","train"
"bRoIrXBO9DU.005","bRoIrXBO9DU","train"
"BS0wgLXqFgc.001","BS0wgLXqFgc","train"
"BS0wgLXqFgc.003","BS0wgLXqFgc","train"
"BS0wgLXqFgc.005","BS0wgLXqFgc","train"
"bSeTNdOtK7I.000","bSeTNdOtK7I","train"
"bSeTNdOtK7I.004","bSeTNdOtK7I","train"
"BSkTPW_Qsio.001","BSkTPW_Qsio","train"
"BStHNKV820Q.001","BStHNKV820Q","train"
"BStHNKV820Q.003","BStHNKV820Q","train"
"Bt5zyk-Xf9Q.000","Bt5zyk-Xf9Q","train"
"btcCanysQsw.000","btcCanysQsw","train"
"btcCanysQsw.001","btcCanysQsw","train"
"btcCanysQsw.003","btcCanysQsw","train"
"btcCanysQsw.004","btcCanysQsw","train"
"btcCanysQsw.005","btcCanysQsw","train"
"bt-ev53zZWE.001","bt-ev53zZWE","train"
"bTLTLzXehPE.003","bTLTLzXehPE","train"
"BuKzIqR4eBU.001","BuKzIqR4eBU","train"
"bviHajVIie0.005","bviHajVIie0","train"
"BWAEpai6FK0.002","BWAEpai6FK0","train"
"BWAEpai6FK0.003","BWAEpai6FK0","train"
"BxdFQhBNZys.000","BxdFQhBNZys","train"
"BxdFQhBNZys.004","BxdFQhBNZys","train"
"bYXRyimxh7A.000","bYXRyimxh7A","train"
"bYXRyimxh7A.002","bYXRyimxh7A","train"
"bYXRyimxh7A.003","bYXRyimxh7A","train"
"bYXRyimxh7A.004","bYXRyimxh7A","train"
"BZ3FEf_KKso.000","BZ3FEf_KKso","train"
"BZ3FEf_KKso.001","BZ3FEf_KKso","train"
"Bz3Jx4QL_6Q.001","Bz3Jx4QL_6Q","train"
"Bz3Jx4QL_6Q.003","Bz3Jx4QL_6Q","train"
"Bz3Jx4QL_6Q.004","Bz3Jx4QL_6Q","train"
"bZAKBS9q0ZI.002","bZAKBS9q0ZI","train"
"bZAKBS9q0ZI.004","bZAKBS9q0ZI","train"
"bzaOB8BoWPU.000","bzaOB8BoWPU","train"
"bzaOB8BoWPU.002","bzaOB8BoWPU","train"
"bzaOB8BoWPU.003","bzaOB8BoWPU","train"
"bzaOB8BoWPU.005","bzaOB8BoWPU","train"
"bzFTA6kGyA8.002","bzFTA6kGyA8","train"
"bzIxJ-gtvUw.005","bzIxJ-gtvUw","train"
"bZoN9xp9vgs.001","bZoN9xp9vgs","train"
"C_NtwmmF2Ys.002","C_NtwmmF2Ys","train"
"C_NtwmmF2Ys.003","C_NtwmmF2Ys","train"
"C_NtwmmF2Ys.004","C_NtwmmF2Ys","train"
"c_pyBvsSlCY.004","c_pyBvsSlCY","train"
"-c_tyGzShwk.004","-c_tyGzShwk","train"
"C0uc-2KrnnQ.001","C0uc-2KrnnQ","train"
"C0uc-2KrnnQ.002","C0uc-2KrnnQ","train"
"C0UMWrEJ2x0.004","C0UMWrEJ2x0","train"
"C0UMWrEJ2x0.005","C0UMWrEJ2x0","train"
"C23rns4ZCy8.004","C23rns4ZCy8","train"
"-c2HtptBFxY.002","-c2HtptBFxY","train"
"c2LeNguVNrI.002","c2LeNguVNrI","train"
"c2LeNguVNrI.003","c2LeNguVNrI","train"
"C2MEPH7x9m0.001","C2MEPH7x9m0","train"
"c3esnCQDoKc.003","c3esnCQDoKc","train"
"c3esnCQDoKc.004","c3esnCQDoKc","train"
"C3knX70mzxQ.004","C3knX70mzxQ","train"
"C3knX70mzxQ.005","C3knX70mzxQ","train"
"c3SQSM9OIsA.001","c3SQSM9OIsA","train"
"c3SQSM9OIsA.005","c3SQSM9OIsA","train"
"C-48U5oDuvw.003","C-48U5oDuvw","train"
"C-48U5oDuvw.004","C-48U5oDuvw","train"
"c4XnKouozXU.000","c4XnKouozXU","train"
"c4XnKouozXU.001","c4XnKouozXU","train"
"c4XnKouozXU.003","c4XnKouozXU","train"
"c4XnKouozXU.004","c4XnKouozXU","train"
"c4YxfATgYkw.002","c4YxfATgYkw","train"
"-C5M9g4Quzc.002","-C5M9g4Quzc","train"
"C5qRszPK9HY.001","C5qRszPK9HY","train"
"C5qRszPK9HY.003","C5qRszPK9HY","train"
"c5ZnKbaNCE8.000","c5ZnKbaNCE8","train"
"c5ZnKbaNCE8.003","c5ZnKbaNCE8","train"
"c5ZnKbaNCE8.005","c5ZnKbaNCE8","train"
"c672aEuUa-g.002","c672aEuUa-g","train"
"c672aEuUa-g.004","c672aEuUa-g","train"
"c7tczvW3_dQ.000","c7tczvW3_dQ","train"
"c7tczvW3_dQ.002","c7tczvW3_dQ","train"
"c7tczvW3_dQ.005","c7tczvW3_dQ","train"
"C8xZ0vhrrFE.000","C8xZ0vhrrFE","train"
"C8xZ0vhrrFE.002","C8xZ0vhrrFE","train"
"C8xZ0vhrrFE.003","C8xZ0vhrrFE","train"
"C8xZ0vhrrFE.005","C8xZ0vhrrFE","train"
"cA43Gfcg0QA.000","cA43Gfcg0QA","train"
"cA43Gfcg0QA.001","cA43Gfcg0QA","train"
"cA43Gfcg0QA.003","cA43Gfcg0QA","train"
"cA43Gfcg0QA.004","cA43Gfcg0QA","train"
"CbNAOLHByZQ.004","CbNAOLHByZQ","train"
"cBR5cDwwdno.001","cBR5cDwwdno","train"
"cBR5cDwwdno.003","cBR5cDwwdno","train"
"cBR5cDwwdno.004","cBR5cDwwdno","train"
"cBR5cDwwdno.005","cBR5cDwwdno","train"
"c-c6xhtIq84.004","c-c6xhtIq84","train"
"CCe1J5grs8U.005","CCe1J5grs8U","train"
"CcVuoHZqp6k.004","CcVuoHZqp6k","train"
"Cdh_OCMZ4U8.000","Cdh_OCMZ4U8","train"
"CDTo7WVyf5s.001","CDTo7WVyf5s","train"
"cdtZKwM5NIM.004","cdtZKwM5NIM","train"
"CdUYBux3Vn8.000","CdUYBux3Vn8","train"
"CdUYBux3Vn8.002","CdUYBux3Vn8","train"
"CdUYBux3Vn8.005","CdUYBux3Vn8","train"
"CdY1ZLrWTtg.000","CdY1ZLrWTtg","train"
"CdY1ZLrWTtg.002","CdY1ZLrWTtg","train"
"ce7t2PgzMGw.000","ce7t2PgzMGw","train"
"CESTtNvDpww.003","CESTtNvDpww","train"
"cFGjJg-2zOk.000","cFGjJg-2zOk","train"
"cFGjJg-2zOk.001","cFGjJg-2zOk","train"
"cFGjJg-2zOk.002","cFGjJg-2zOk","train"
"cFGjJg-2zOk.003","cFGjJg-2zOk","train"
"cFGjJg-2zOk.005","cFGjJg-2zOk","train"
"CFk4v2Kd5Ns.002","CFk4v2Kd5Ns","train"
"CFk4v2Kd5Ns.005","CFk4v2Kd5Ns","train"
"CFK8ib0aWe8.000","CFK8ib0aWe8","train"
"CFK8ib0aWe8.001","CFK8ib0aWe8","train"
"CFK8ib0aWe8.003","CFK8ib0aWe8","train"
"CfNbSToI21k.004","CfNbSToI21k","train"
"CfNbSToI21k.005","CfNbSToI21k","train"
"CGfr9jl8w4Y.001","CGfr9jl8w4Y","train"
"CGfr9jl8w4Y.004","CGfr9jl8w4Y","train"
"CGfr9jl8w4Y.005","CGfr9jl8w4Y","train"
"cgGCyBMdGrA.001","cgGCyBMdGrA","train"
"cgGCyBMdGrA.003","cgGCyBMdGrA","train"
"cgp1OzTOq1o.000","cgp1OzTOq1o","train"
"cgp1OzTOq1o.002","cgp1OzTOq1o","train"
"cgp1OzTOq1o.004","cgp1OzTOq1o","train"
"cgp1OzTOq1o.005","cgp1OzTOq1o","train"
"cgT-3CHBmKs.000","cgT-3CHBmKs","train"
"cgT-3CHBmKs.003","cgT-3CHBmKs","train"
"cgT-3CHBmKs.004","cgT-3CHBmKs","train"
"cgT-3CHBmKs.005","cgT-3CHBmKs","train"
"ch2BcBv4SdQ.002","ch2BcBv4SdQ","train"
"CHkKv9TXm0g.000","CHkKv9TXm0g","train"
"ciWUq6iQTIE.000","ciWUq6iQTIE","train"
"ciWUq6iQTIE.002","ciWUq6iQTIE","train"
"cjbh1lfr43c.005","cjbh1lfr43c","train"
"CJhP12Gi8sg.002","CJhP12Gi8sg","train"
"CJjNcuBLjMM.001","CJjNcuBLjMM","train"
"CJT7z9PaU68.004","CJT7z9PaU68","train"
"Cl5jhuLQ9Dg.001","Cl5jhuLQ9Dg","train"
"Cl5jhuLQ9Dg.002","Cl5jhuLQ9Dg","train"
"Cl5jhuLQ9Dg.003","Cl5jhuLQ9Dg","train"
"Cl5jhuLQ9Dg.004","Cl5jhuLQ9Dg","train"
"Cl5jhuLQ9Dg.005","Cl5jhuLQ9Dg","train"
"Cl7vQ9QR0es.000","Cl7vQ9QR0es","train"
"Cl7vQ9QR0es.001","Cl7vQ9QR0es","train"
"Cl7vQ9QR0es.002","Cl7vQ9QR0es","train"
"Cl7vQ9QR0es.003","Cl7vQ9QR0es","train"
"Cl7vQ9QR0es.004","Cl7vQ9QR0es","train"
"Cl7vQ9QR0es.005","Cl7vQ9QR0es","train"
"cLaZxEf1nE4.001","cLaZxEf1nE4","train"
"cLaZxEf1nE4.002","cLaZxEf1nE4","train"
"cLaZxEf1nE4.003","cLaZxEf1nE4","train"
"CLGJCzz6tIU.001","CLGJCzz6tIU","train"
"clMg72MI8rw.004","clMg72MI8rw","train"
"Cng72emlXAM.004","Cng72emlXAM","train"
"Cng72emlXAM.005","Cng72emlXAM","train"
"cnsvc0alWOA.000","cnsvc0alWOA","train"
"cnsvc0alWOA.004","cnsvc0alWOA","train"
"cNXnowQb7rs.002","cNXnowQb7rs","train"
"cNXnowQb7rs.003","cNXnowQb7rs","train"
"cNXnowQb7rs.004","cNXnowQb7rs","train"
"cNXnowQb7rs.005","cNXnowQb7rs","train"
"CO7vZjYF6Zk.000","CO7vZjYF6Zk","train"
"CO7vZjYF6Zk.001","CO7vZjYF6Zk","train"
"CO7vZjYF6Zk.002","CO7vZjYF6Zk","train"
"cOirMOCpdo8.000","cOirMOCpdo8","train"
"cOirMOCpdo8.001","cOirMOCpdo8","train"
"cOirMOCpdo8.003","cOirMOCpdo8","train"
"cOirMOCpdo8.005","cOirMOCpdo8","train"
"cOo5N1qblyw.003","cOo5N1qblyw","train"
"cOossY5pTrU.001","cOossY5pTrU","train"
"cOossY5pTrU.002","cOossY5pTrU","train"
"cOossY5pTrU.003","cOossY5pTrU","train"
"cP_dSXql7z8.000","cP_dSXql7z8","train"
"cP_dSXql7z8.001","cP_dSXql7z8","train"
"cP_dSXql7z8.002","cP_dSXql7z8","train"
"cP_dSXql7z8.003","cP_dSXql7z8","train"
"cP_dSXql7z8.004","cP_dSXql7z8","train"
"cP_dSXql7z8.005","cP_dSXql7z8","train"
"CpmR-91GxmY.000","CpmR-91GxmY","train"
"CpmR-91GxmY.002","CpmR-91GxmY","train"
"CpmR-91GxmY.004","CpmR-91GxmY","train"
"CpmR-91GxmY.005","CpmR-91GxmY","train"
"CPtaCNonKlE.000","CPtaCNonKlE","train"
"CPtaCNonKlE.002","CPtaCNonKlE","train"
"CPtaCNonKlE.003","CPtaCNonKlE","train"
"CPtaCNonKlE.004","CPtaCNonKlE","train"
"cpzY1b6wJqs.002","cpzY1b6wJqs","train"
"CQMH9Qguuao.000","CQMH9Qguuao","train"
"CQMH9Qguuao.003","CQMH9Qguuao","train"
"CQMH9Qguuao.004","CQMH9Qguuao","train"
"CQMH9Qguuao.005","CQMH9Qguuao","train"
"CqQavmWSLrI.000","CqQavmWSLrI","train"
"CqQavmWSLrI.001","CqQavmWSLrI","train"
"CqQavmWSLrI.002","CqQavmWSLrI","train"
"CqQavmWSLrI.003","CqQavmWSLrI","train"
"CqQavmWSLrI.004","CqQavmWSLrI","train"
"CqQavmWSLrI.005","CqQavmWSLrI","train"
"cQRFb-xa4Vc.002","cQRFb-xa4Vc","train"
"cQRFb-xa4Vc.005","cQRFb-xa4Vc","train"
"cRDYrvxRJ6U.001","cRDYrvxRJ6U","train"
"cRg95950rAg.001","cRg95950rAg","train"
"CRLsCyMfskE.000","CRLsCyMfskE","train"
"CRLsCyMfskE.001","CRLsCyMfskE","train"
"CRLsCyMfskE.002","CRLsCyMfskE","train"
"CRLsCyMfskE.003","CRLsCyMfskE","train"
"CRLsCyMfskE.004","CRLsCyMfskE","train"
"cSyVbIYfwxA.004","cSyVbIYfwxA","train"
"cT3oyHhUznw.003","cT3oyHhUznw","train"
"cT3oyHhUznw.004","cT3oyHhUznw","train"
"cTbfp7nkX8c.000","cTbfp7nkX8c","train"
"cTbfp7nkX8c.002","cTbfp7nkX8c","train"
"cTbfp7nkX8c.005","cTbfp7nkX8c","train"
"CTWMisL_HlI.000","CTWMisL_HlI","train"
"CTWMisL_HlI.003","CTWMisL_HlI","train"
"CTWMisL_HlI.004","CTWMisL_HlI","train"
"CTWMisL_HlI.005","CTWMisL_HlI","train"
"CuGuiOZ48Ig.000","CuGuiOZ48Ig","train"
"CuGuiOZ48Ig.001","CuGuiOZ48Ig","train"
"CuGuiOZ48Ig.002","CuGuiOZ48Ig","train"
"CuGuiOZ48Ig.004","CuGuiOZ48Ig","train"
"CuGuiOZ48Ig.005","CuGuiOZ48Ig","train"
"CUiG7UZ9A3k.002","CUiG7UZ9A3k","train"
"CUiG7UZ9A3k.005","CUiG7UZ9A3k","train"
"cuyIFvYNLFE.000","cuyIFvYNLFE","train"
"CV930dFsubs.000","CV930dFsubs","train"
"CV930dFsubs.002","CV930dFsubs","train"
"CV930dFsubs.003","CV930dFsubs","train"
"cvg03XGFjCk.001","cvg03XGFjCk","train"
"cvg03XGFjCk.002","cvg03XGFjCk","train"
"cvg03XGFjCk.004","cvg03XGFjCk","train"
"cvg03XGFjCk.005","cvg03XGFjCk","train"
"cvHqtadNJDo.000","cvHqtadNJDo","train"
"cvHqtadNJDo.004","cvHqtadNJDo","train"
"Cvuu76B-bxA.000","Cvuu76B-bxA","train"
"Cvuu76B-bxA.001","Cvuu76B-bxA","train"
"Cvuu76B-bxA.002","Cvuu76B-bxA","train"
"Cvuu76B-bxA.003","Cvuu76B-bxA","train"
"Cvuu76B-bxA.005","Cvuu76B-bxA","train"
"CwFH8J7smjE.005","CwFH8J7smjE","train"
"CwmjP27fivQ.005","CwmjP27fivQ","train"
"CwYNQlRTvPc.000","CwYNQlRTvPc","train"
"cWZudzeJVXg.000","cWZudzeJVXg","train"
"cWZudzeJVXg.002","cWZudzeJVXg","train"
"cWZudzeJVXg.003","cWZudzeJVXg","train"
"cWZudzeJVXg.004","cWZudzeJVXg","train"
"cx8IycWgMVs.003","cx8IycWgMVs","train"
"cx8IycWgMVs.005","cx8IycWgMVs","train"
"cxJ0u6r0-pU.000","cxJ0u6r0-pU","train"
"cxJ0u6r0-pU.001","cxJ0u6r0-pU","train"
"cxJ0u6r0-pU.002","cxJ0u6r0-pU","train"
"cxJ0u6r0-pU.003","cxJ0u6r0-pU","train"
"cxJ0u6r0-pU.005","cxJ0u6r0-pU","train"
"cY3nHc5fDYE.000","cY3nHc5fDYE","train"
"cY3nHc5fDYE.003","cY3nHc5fDYE","train"
"cyma9Q6QF6M.001","cyma9Q6QF6M","train"
"CyzKot0CNyU.000","CyzKot0CNyU","train"
"cZ6xhB5yhfY.001","cZ6xhB5yhfY","train"
"czImT1Wn1og.001","czImT1Wn1og","train"
"czImT1Wn1og.002","czImT1Wn1og","train"
"D_FGBb-1B1o.001","D_FGBb-1B1o","train"
"D_FGBb-1B1o.002","D_FGBb-1B1o","train"
"D_FGBb-1B1o.003","D_FGBb-1B1o","train"
"d_POf1pikX0.000","d_POf1pikX0","train"
"d_POf1pikX0.005","d_POf1pikX0","train"
"D0dE-lErszk.002","D0dE-lErszk","train"
"d1eh3dHNi1Y.001","d1eh3dHNi1Y","train"
"D3AomvNhR1k.003","D3AomvNhR1k","train"
"d4cPiUXpGbc.000","d4cPiUXpGbc","train"
"d4cPiUXpGbc.002","d4cPiUXpGbc","train"
"d4cPiUXpGbc.005","d4cPiUXpGbc","train"
"D4hPHPp1W-Q.000","D4hPHPp1W-Q","train"
"D4hPHPp1W-Q.004","D4hPHPp1W-Q","train"
"D4hPHPp1W-Q.005","D4hPHPp1W-Q","train"
"d4iSwRMV0bA.002","d4iSwRMV0bA","train"
"D4TU65xbF4g.000","D4TU65xbF4g","train"
"D4TU65xbF4g.001","D4TU65xbF4g","train"
"D4TU65xbF4g.002","D4TU65xbF4g","train"
"D4TU65xbF4g.005","D4TU65xbF4g","train"
"d5ujzxBlvwY.001","d5ujzxBlvwY","train"
"d69zeSpdyCI.000","d69zeSpdyCI","train"
"d8skGb2ycio.000","d8skGb2ycio","train"
"d8skGb2ycio.003","d8skGb2ycio","train"
"d9_YDJdF-7I.000","d9_YDJdF-7I","train"
"d9_YDJdF-7I.002","d9_YDJdF-7I","train"
"d9_YDJdF-7I.003","d9_YDJdF-7I","train"
"datcFOBWYxc.001","datcFOBWYxc","train"
"datcFOBWYxc.003","datcFOBWYxc","train"
"datcFOBWYxc.005","datcFOBWYxc","train"
"dB2XYhvqUBU.000","dB2XYhvqUBU","train"
"dB2XYhvqUBU.001","dB2XYhvqUBU","train"
"dB2XYhvqUBU.003","dB2XYhvqUBU","train"
"dB2XYhvqUBU.004","dB2XYhvqUBU","train"
"dB65He57Ki8.001","dB65He57Ki8","train"
"dB65He57Ki8.002","dB65He57Ki8","train"
"dB65He57Ki8.005","dB65He57Ki8","train"
"dB-kMg4t-V8.001","dB-kMg4t-V8","train"
"dB-kMg4t-V8.002","dB-kMg4t-V8","train"
"DbNFwVi_61Q.000","DbNFwVi_61Q","train"
"DChmTb-c9uM.001","DChmTb-c9uM","train"
"DChmTb-c9uM.004","DChmTb-c9uM","train"
"DChmTb-c9uM.005","DChmTb-c9uM","train"
"DCROfrHI1MU.000","DCROfrHI1MU","train"
"DCROfrHI1MU.001","DCROfrHI1MU","train"
"DctPau1p7JM.001","DctPau1p7JM","train"
"DctPau1p7JM.002","DctPau1p7JM","train"
"d-cZdeTp0jo.000","d-cZdeTp0jo","train"
"d-cZdeTp0jo.001","d-cZdeTp0jo","train"
"dd0z9mErfSo.002","dd0z9mErfSo","train"
"dd0z9mErfSo.005","dd0z9mErfSo","train"
"dDi6vy-OZRg.002","dDi6vy-OZRg","train"
"dDi6vy-OZRg.003","dDi6vy-OZRg","train"
"dDi6vy-OZRg.005","dDi6vy-OZRg","train"
"De4i7-FX9Og.001","De4i7-FX9Og","train"
"De4i7-FX9Og.004","De4i7-FX9Og","train"
"DefePa0_6Sg.001","DefePa0_6Sg","train"
"DefePa0_6Sg.002","DefePa0_6Sg","train"
"DefePa0_6Sg.005","DefePa0_6Sg","train"
"DegRGUG4Wi0.001","DegRGUG4Wi0","train"
"DegRGUG4Wi0.002","DegRGUG4Wi0","train"
"DegRGUG4Wi0.003","DegRGUG4Wi0","train"
"DfpKVl9Zpdg.003","DfpKVl9Zpdg","train"
"DfpKVl9Zpdg.004","DfpKVl9Zpdg","train"
"DGCGeNlA-Ww.005","DGCGeNlA-Ww","train"
"Dgo98-sCd1w.002","Dgo98-sCd1w","train"
"dgoc29MVjfE.000","dgoc29MVjfE","train"
"dh6iOU2RtTA.001","dh6iOU2RtTA","train"
"dh6iOU2RtTA.003","dh6iOU2RtTA","train"
"Dhbva5oGE7g.000","Dhbva5oGE7g","train"
"Dhbva5oGE7g.003","Dhbva5oGE7g","train"
"DhqfB9chceo.001","DhqfB9chceo","train"
"DhqfB9chceo.003","DhqfB9chceo","train"
"dIa0U29hVvU.001","dIa0U29hVvU","train"
"dIa0U29hVvU.003","dIa0U29hVvU","train"
"dIa0U29hVvU.005","dIa0U29hVvU","train"
"DiaibIBisuM.001","DiaibIBisuM","train"
"DiaibIBisuM.002","DiaibIBisuM","train"
"DiaibIBisuM.003","DiaibIBisuM","train"
"DiaibIBisuM.004","DiaibIBisuM","train"
"DiaibIBisuM.005","DiaibIBisuM","train"
"dJlEHhyij5k.000","dJlEHhyij5k","train"
"dJlEHhyij5k.001","dJlEHhyij5k","train"
"djsoQkroHpo.000","djsoQkroHpo","train"
"djsoQkroHpo.001","djsoQkroHpo","train"
"djsoQkroHpo.003","djsoQkroHpo","train"
"djsoQkroHpo.005","djsoQkroHpo","train"
"dkhnv1EBvKI.000","dkhnv1EBvKI","train"
"dkhnv1EBvKI.001","dkhnv1EBvKI","train"
"dkhnv1EBvKI.002","dkhnv1EBvKI","train"
"dkhnv1EBvKI.003","dkhnv1EBvKI","train"
"dkhnv1EBvKI.004","dkhnv1EBvKI","train"
"dkhnv1EBvKI.005","dkhnv1EBvKI","train"
"dLaqub4BEsA.001","dLaqub4BEsA","train"
"dLaqub4BEsA.002","dLaqub4BEsA","train"
"dLaqub4BEsA.003","dLaqub4BEsA","train"
"dLaqub4BEsA.004","dLaqub4BEsA","train"
"DLds0WJpIQg.001","DLds0WJpIQg","train"
"dLltwqkvsNg.001","dLltwqkvsNg","train"
"dLltwqkvsNg.002","dLltwqkvsNg","train"
"dLltwqkvsNg.003","dLltwqkvsNg","train"
"dLltwqkvsNg.005","dLltwqkvsNg","train"
"DLuwObrDhtc.000","DLuwObrDhtc","train"
"DLuwObrDhtc.001","DLuwObrDhtc","train"
"DLuwObrDhtc.002","DLuwObrDhtc","train"
"dmOKZLeFKCM.002","dmOKZLeFKCM","train"
"dmOKZLeFKCM.004","dmOKZLeFKCM","train"
"dmycfNpiWCE.001","dmycfNpiWCE","train"
"dmycfNpiWCE.002","dmycfNpiWCE","train"
"dmycfNpiWCE.004","dmycfNpiWCE","train"
"dmycfNpiWCE.005","dmycfNpiWCE","train"
"DnTtbAR_Qyw.000","DnTtbAR_Qyw","train"
"DnTtbAR_Qyw.002","DnTtbAR_Qyw","train"
"DnTtbAR_Qyw.004","DnTtbAR_Qyw","train"
"DnTtbAR_Qyw.005","DnTtbAR_Qyw","train"
"dNXqs5HNijI.001","dNXqs5HNijI","train"
"dNXqs5HNijI.002","dNXqs5HNijI","train"
"dNXqs5HNijI.003","dNXqs5HNijI","train"
"dNXqs5HNijI.004","dNXqs5HNijI","train"
"do8FmnQbI5I.000","do8FmnQbI5I","train"
"do8FmnQbI5I.001","do8FmnQbI5I","train"
"do8FmnQbI5I.003","do8FmnQbI5I","train"
"do8FmnQbI5I.004","do8FmnQbI5I","train"
"dOFnHXRLEdM.001","dOFnHXRLEdM","train"
"dOFnHXRLEdM.005","dOFnHXRLEdM","train"
"DogbMnh5k0o.002","DogbMnh5k0o","train"
"-DOqN0d8KHw.002","-DOqN0d8KHw","train"
"-DOqN0d8KHw.003","-DOqN0d8KHw","train"
"Dq7Uep06KOQ.001","Dq7Uep06KOQ","train"
"Dq7Uep06KOQ.005","Dq7Uep06KOQ","train"
"DqA3j7juNs4.000","DqA3j7juNs4","train"
"dQOeQYWIgm8.000","dQOeQYWIgm8","train"
"dQOeQYWIgm8.001","dQOeQYWIgm8","train"
"dQOeQYWIgm8.004","dQOeQYWIgm8","train"
"DQORBD8hINs.005","DQORBD8hINs","train"
"dqVPzqpGX-w.000","dqVPzqpGX-w","train"
"dRP8ZaAryro.000","dRP8ZaAryro","train"
"dRP8ZaAryro.001","dRP8ZaAryro","train"
"dRP8ZaAryro.003","dRP8ZaAryro","train"
"dRP8ZaAryro.004","dRP8ZaAryro","train"
"dRP8ZaAryro.005","dRP8ZaAryro","train"
"dRr2JtdzUpU.004","dRr2JtdzUpU","train"
"dRr2JtdzUpU.005","dRr2JtdzUpU","train"
"dRYEzqUa_Rc.000","dRYEzqUa_Rc","train"
"dS2XOB8kmr4.001","dS2XOB8kmr4","train"
"dT5R3T-Q1kg.002","dT5R3T-Q1kg","train"
"DTZeyoKUPx4.000","DTZeyoKUPx4","train"
"DTZeyoKUPx4.001","DTZeyoKUPx4","train"
"DTZeyoKUPx4.002","DTZeyoKUPx4","train"
"DTZeyoKUPx4.003","DTZeyoKUPx4","train"
"DTZeyoKUPx4.004","DTZeyoKUPx4","train"
"DTZeyoKUPx4.005","DTZeyoKUPx4","train"
"duEi37qVB7k.000","duEi37qVB7k","train"
"dVbo9Ftlyl0.004","dVbo9Ftlyl0","train"
"dVbo9Ftlyl0.005","dVbo9Ftlyl0","train"
"dvCKoyBG1pE.001","dvCKoyBG1pE","train"
"dvCKoyBG1pE.002","dvCKoyBG1pE","train"
"dvCKoyBG1pE.004","dvCKoyBG1pE","train"
"DVh_7dO2cWY.000","DVh_7dO2cWY","train"
"DVh_7dO2cWY.003","DVh_7dO2cWY","train"
"DVh_7dO2cWY.004","DVh_7dO2cWY","train"
"DVh_7dO2cWY.005","DVh_7dO2cWY","train"
"dvMeqVbpKW8.001","dvMeqVbpKW8","train"
"dvMeqVbpKW8.002","dvMeqVbpKW8","train"
"dvMeqVbpKW8.004","dvMeqVbpKW8","train"
"dvMeqVbpKW8.005","dvMeqVbpKW8","train"
"DvmzcQI5cnM.000","DvmzcQI5cnM","train"
"DvmzcQI5cnM.001","DvmzcQI5cnM","train"
"DvmzcQI5cnM.003","DvmzcQI5cnM","train"
"DvmzcQI5cnM.004","DvmzcQI5cnM","train"
"DvmzcQI5cnM.005","DvmzcQI5cnM","train"
"dvU5jYExl0o.003","dvU5jYExl0o","train"
"dVwDf5N2NRA.001","dVwDf5N2NRA","train"
"dVwDf5N2NRA.002","dVwDf5N2NRA","train"
"dVwDf5N2NRA.003","dVwDf5N2NRA","train"
"dVwDf5N2NRA.004","dVwDf5N2NRA","train"
"dVwDf5N2NRA.005","dVwDf5N2NRA","train"
"DvWzedL3QCk.004","DvWzedL3QCk","train"
"DWVJXufR7gE.000","DWVJXufR7gE","train"
"DWVJXufR7gE.001","DWVJXufR7gE","train"
"DxATjKPysfs.000","DxATjKPysfs","train"
"DxATjKPysfs.003","DxATjKPysfs","train"
"DXw4lVoiiWY.000","DXw4lVoiiWY","train"
"DXw4lVoiiWY.001","DXw4lVoiiWY","train"
"DXw4lVoiiWY.002","DXw4lVoiiWY","train"
"DXw4lVoiiWY.003","DXw4lVoiiWY","train"
"DXw4lVoiiWY.004","DXw4lVoiiWY","train"
"DXw4lVoiiWY.005","DXw4lVoiiWY","train"
"DXYRJ8PReoE.000","DXYRJ8PReoE","train"
"DXYRJ8PReoE.002","DXYRJ8PReoE","train"
"dY7jG5gS3JE.000","dY7jG5gS3JE","train"
"dy9EqbKLDP0.001","dy9EqbKLDP0","train"
"dy9EqbKLDP0.002","dy9EqbKLDP0","train"
"dy9EqbKLDP0.003","dy9EqbKLDP0","train"
"DyZlhseSuec.002","DyZlhseSuec","train"
"DyZlhseSuec.003","DyZlhseSuec","train"
"DyZlhseSuec.004","DyZlhseSuec","train"
"DZfcVxy2ceI.000","DZfcVxy2ceI","train"
"DzqJmiQjsZ4.000","DzqJmiQjsZ4","train"
"DzqJmiQjsZ4.002","DzqJmiQjsZ4","train"
"DzqJmiQjsZ4.004","DzqJmiQjsZ4","train"
"DzqJmiQjsZ4.005","DzqJmiQjsZ4","train"
"E_xAcdGpPCI.001","E_xAcdGpPCI","train"
"E_xAcdGpPCI.004","E_xAcdGpPCI","train"
"E_xAcdGpPCI.005","E_xAcdGpPCI","train"
"e07IozLUeKc.001","e07IozLUeKc","train"
"e07IozLUeKc.002","e07IozLUeKc","train"
"e07IozLUeKc.005","e07IozLUeKc","train"
"e2EmGXRJ1K0.000","e2EmGXRJ1K0","train"
"e2EmGXRJ1K0.001","e2EmGXRJ1K0","train"
"e2pnS_nT9rA.001","e2pnS_nT9rA","train"
"e2pnS_nT9rA.002","e2pnS_nT9rA","train"
"e3NaBdG-ZmM.000","e3NaBdG-ZmM","train"
"e3Y7na4SBh4.002","e3Y7na4SBh4","train"
"e3Y7na4SBh4.004","e3Y7na4SBh4","train"
"e3Y7na4SBh4.005","e3Y7na4SBh4","train"
"E3z1D7CKoOA.000","E3z1D7CKoOA","train"
"E3z1D7CKoOA.001","E3z1D7CKoOA","train"
"E3z1D7CKoOA.002","E3z1D7CKoOA","train"
"E3z1D7CKoOA.003","E3z1D7CKoOA","train"
"E3z1D7CKoOA.005","E3z1D7CKoOA","train"
"E6OBPHKkm6U.002","E6OBPHKkm6U","train"
"E6rptSS3kP4.000","E6rptSS3kP4","train"
"e6YTvjDXEl0.001","e6YTvjDXEl0","train"
"e6YTvjDXEl0.002","e6YTvjDXEl0","train"
"eA_JaE8X3mI.000","eA_JaE8X3mI","train"
"Ea0UKBPCm3Q.001","Ea0UKBPCm3Q","train"
"EA8BEYAZqAA.000","EA8BEYAZqAA","train"
"EA8BEYAZqAA.001","EA8BEYAZqAA","train"
"EA8BEYAZqAA.004","EA8BEYAZqAA","train"
"EaBCJB8LXdI.001","EaBCJB8LXdI","train"
"EaBCJB8LXdI.002","EaBCJB8LXdI","train"
"EaBCJB8LXdI.004","EaBCJB8LXdI","train"
"EaBCJB8LXdI.005","EaBCJB8LXdI","train"
"eAkWSjU-JyY.001","eAkWSjU-JyY","train"
"eAkWSjU-JyY.002","eAkWSjU-JyY","train"
"EAMHqNxa9yY.001","EAMHqNxa9yY","train"
"EAnvsNi8O-M.001","EAnvsNi8O-M","train"
"EAnvsNi8O-M.002","EAnvsNi8O-M","train"
"Eb-2m44jTEs.000","Eb-2m44jTEs","train"
"Eb-2m44jTEs.004","Eb-2m44jTEs","train"
"eB6ZlBG6OeA.002","eB6ZlBG6OeA","train"
"ecIb16gJMwU.003","ecIb16gJMwU","train"
"EcOC7ZVRSg4.001","EcOC7ZVRSg4","train"
"EcOC7ZVRSg4.002","EcOC7ZVRSg4","train"
"EcOC7ZVRSg4.003","EcOC7ZVRSg4","train"
"EcOC7ZVRSg4.004","EcOC7ZVRSg4","train"
"eD4b8sM-Tpw.000","eD4b8sM-Tpw","train"
"eD4b8sM-Tpw.004","eD4b8sM-Tpw","train"
"edHTGYBFCWQ.000","edHTGYBFCWQ","train"
"edHTGYBFCWQ.004","edHTGYBFCWQ","train"
"EDshSjcCsoY.001","EDshSjcCsoY","train"
"EDshSjcCsoY.002","EDshSjcCsoY","train"
"EDXQLrsZctw.000","EDXQLrsZctw","train"
"EeI8iXLDfc0.001","EeI8iXLDfc0","train"
"EeI8iXLDfc0.002","EeI8iXLDfc0","train"
"EeI8iXLDfc0.005","EeI8iXLDfc0","train"
"EelHLfeSJfM.002","EelHLfeSJfM","train"
"EelHLfeSJfM.004","EelHLfeSJfM","train"
"eFb7nVIBGEo.003","eFb7nVIBGEo","train"
"EffEoI1l1zE.000","EffEoI1l1zE","train"
"EffEoI1l1zE.001","EffEoI1l1zE","train"
"EffEoI1l1zE.002","EffEoI1l1zE","train"
"EfQUV-C-YrU.002","EfQUV-C-YrU","train"
"eFzN_frNW8g.000","eFzN_frNW8g","train"
"eFzN_frNW8g.001","eFzN_frNW8g","train"
"eFzN_frNW8g.002","eFzN_frNW8g","train"
"eFzN_frNW8g.003","eFzN_frNW8g","train"
"eFzN_frNW8g.004","eFzN_frNW8g","train"
"eFzN_frNW8g.005","eFzN_frNW8g","train"
"Egogv6acOd0.001","Egogv6acOd0","train"
"Egogv6acOd0.002","Egogv6acOd0","train"
"Egogv6acOd0.003","Egogv6acOd0","train"
"Egogv6acOd0.004","Egogv6acOd0","train"
"EgolOPjkkg8.000","EgolOPjkkg8","train"
"EgolOPjkkg8.001","EgolOPjkkg8","train"
"EgolOPjkkg8.004","EgolOPjkkg8","train"
"EgolOPjkkg8.005","EgolOPjkkg8","train"
"Eh7WRYXVh9M.000","Eh7WRYXVh9M","train"
"Eh7WRYXVh9M.005","Eh7WRYXVh9M","train"
"eHcRre1YsNA.000","eHcRre1YsNA","train"
"eHcRre1YsNA.001","eHcRre1YsNA","train"
"eHcRre1YsNA.002","eHcRre1YsNA","train"
"EHPZNxP5mN8.000","EHPZNxP5mN8","train"
"eI_7SimPnnQ.000","eI_7SimPnnQ","train"
"eI_7SimPnnQ.001","eI_7SimPnnQ","train"
"eI_7SimPnnQ.002","eI_7SimPnnQ","train"
"eI_7SimPnnQ.003","eI_7SimPnnQ","train"
"eI_7SimPnnQ.005","eI_7SimPnnQ","train"
"eIfiusZtXzE.000","eIfiusZtXzE","train"
"EiXQ9RErt6c.002","EiXQ9RErt6c","train"
"EiXQ9RErt6c.003","EiXQ9RErt6c","train"
"EiXQ9RErt6c.005","EiXQ9RErt6c","train"
"ej0RpdM9kJA.000","ej0RpdM9kJA","train"
"ej0RpdM9kJA.001","ej0RpdM9kJA","train"
"ej0RpdM9kJA.002","ej0RpdM9kJA","train"
"ej0RpdM9kJA.003","ej0RpdM9kJA","train"
"EjhDyc8Oc6k.000","EjhDyc8Oc6k","train"
"EjhDyc8Oc6k.001","EjhDyc8Oc6k","train"
"EjhDyc8Oc6k.003","EjhDyc8Oc6k","train"
"EjhDyc8Oc6k.004","EjhDyc8Oc6k","train"
"EknEAPhAjdA.000","EknEAPhAjdA","train"
"EknEAPhAjdA.001","EknEAPhAjdA","train"
"EknEAPhAjdA.002","EknEAPhAjdA","train"
"EknEAPhAjdA.003","EknEAPhAjdA","train"
"EknEAPhAjdA.004","EknEAPhAjdA","train"
"EL1Q7x_1a74.000","EL1Q7x_1a74","train"
"EL1Q7x_1a74.001","EL1Q7x_1a74","train"
"EL1Q7x_1a74.002","EL1Q7x_1a74","train"
"EL1Q7x_1a74.005","EL1Q7x_1a74","train"
"el2DOd8E5io.000","el2DOd8E5io","train"
"elSd0IyX6ys.002","elSd0IyX6ys","train"
"elSd0IyX6ys.004","elSd0IyX6ys","train"
"ELvGOVb8L5I.000","ELvGOVb8L5I","train"
"EmGTj1DRMbo.000","EmGTj1DRMbo","train"
"EmGTj1DRMbo.003","EmGTj1DRMbo","train"
"EmGTj1DRMbo.004","EmGTj1DRMbo","train"
"emHDoDcht44.001","emHDoDcht44","train"
"EMNcIRgaDMg.000","EMNcIRgaDMg","train"
"EMNcIRgaDMg.004","EMNcIRgaDMg","train"
"EMqrrHHbP3s.000","EMqrrHHbP3s","train"
"EMqrrHHbP3s.001","EMqrrHHbP3s","train"
"EMqrrHHbP3s.002","EMqrrHHbP3s","train"
"En4aK_1gmlY.000","En4aK_1gmlY","train"
"encC96iqr9Y.002","encC96iqr9Y","train"
"encC96iqr9Y.003","encC96iqr9Y","train"
"eOUVFTqPeGk.002","eOUVFTqPeGk","train"
"EP0sdDWooSw.001","EP0sdDWooSw","train"
"EP2rMX4AQis.000","EP2rMX4AQis","train"
"ePQJMluhLjQ.001","ePQJMluhLjQ","train"
"eq1_h17oue4.000","eq1_h17oue4","train"
"eq1_h17oue4.001","eq1_h17oue4","train"
"EqTB9rAC-tA.000","EqTB9rAC-tA","train"
"eqXrUXW4yHY.003","eqXrUXW4yHY","train"
"erJNMcO69Eo.000","erJNMcO69Eo","train"
"erJNMcO69Eo.001","erJNMcO69Eo","train"
"erJNMcO69Eo.002","erJNMcO69Eo","train"
"erJNMcO69Eo.005","erJNMcO69Eo","train"
"eRRCer7epnA.002","eRRCer7epnA","train"
"eRRCer7epnA.005","eRRCer7epnA","train"
"esjSS0xsHFA.002","esjSS0xsHFA","train"
"esjSS0xsHFA.003","esjSS0xsHFA","train"
"eT3BERfkCBE.001","eT3BERfkCBE","train"
"eT3BERfkCBE.003","eT3BERfkCBE","train"
"eT3BERfkCBE.005","eT3BERfkCBE","train"
"Etfh8X-ECtY.000","Etfh8X-ECtY","train"
"Etfh8X-ECtY.001","Etfh8X-ECtY","train"
"Etfh8X-ECtY.002","Etfh8X-ECtY","train"
"Etfh8X-ECtY.003","Etfh8X-ECtY","train"
"Etfh8X-ECtY.004","Etfh8X-ECtY","train"
"Etw3iulV5Eg.001","Etw3iulV5Eg","train"
"Etw3iulV5Eg.003","Etw3iulV5Eg","train"
"euRnmvd_dus.004","euRnmvd_dus","train"
"ev42vngXERU.000","ev42vngXERU","train"
"ev42vngXERU.001","ev42vngXERU","train"
"evrzg3Pzyc0.000","evrzg3Pzyc0","train"
"evrzg3Pzyc0.001","evrzg3Pzyc0","train"
"evrzg3Pzyc0.002","evrzg3Pzyc0","train"
"EvZ0esZgPK4.001","EvZ0esZgPK4","train"
"EwMMNKLjO9w.000","EwMMNKLjO9w","train"
"EwMMNKLjO9w.001","EwMMNKLjO9w","train"
"EwMMNKLjO9w.002","EwMMNKLjO9w","train"
"EX3i4IMY1Pw.002","EX3i4IMY1Pw","train"
"eXtskPoi58A.000","eXtskPoi58A","train"
"eXtskPoi58A.001","eXtskPoi58A","train"
"eXtskPoi58A.003","eXtskPoi58A","train"
"eXtskPoi58A.005","eXtskPoi58A","train"
"eYASh3sKY3k.000","eYASh3sKY3k","train"
"EYbPGTIcnjs.000","EYbPGTIcnjs","train"
"EYbPGTIcnjs.003","EYbPGTIcnjs","train"
"EYbPGTIcnjs.005","EYbPGTIcnjs","train"
"EyX8QI5nPTY.001","EyX8QI5nPTY","train"
"ezMO8EHKAVw.000","ezMO8EHKAVw","train"
"ezMO8EHKAVw.004","ezMO8EHKAVw","train"
"ezMO8EHKAVw.005","ezMO8EHKAVw","train"
"eZwGkhUa0TQ.000","eZwGkhUa0TQ","train"
"eZwGkhUa0TQ.004","eZwGkhUa0TQ","train"
"eZwGkhUa0TQ.005","eZwGkhUa0TQ","train"
"F0_EI_X5JVk.001","F0_EI_X5JVk","train"
"F0_EI_X5JVk.002","F0_EI_X5JVk","train"
"F0_EI_X5JVk.003","F0_EI_X5JVk","train"
"F0_EI_X5JVk.004","F0_EI_X5JVk","train"
"F0_EI_X5JVk.005","F0_EI_X5JVk","train"
"F0kidNe_RSo.001","F0kidNe_RSo","train"
"F0kidNe_RSo.002","F0kidNe_RSo","train"
"f0LnGz5Z6kA.000","f0LnGz5Z6kA","train"
"f0LnGz5Z6kA.002","f0LnGz5Z6kA","train"
"F0VbEO_0Ybc.000","F0VbEO_0Ybc","train"
"F0VbEO_0Ybc.001","F0VbEO_0Ybc","train"
"F0VbEO_0Ybc.002","F0VbEO_0Ybc","train"
"F0VbEO_0Ybc.003","F0VbEO_0Ybc","train"
"F0VbEO_0Ybc.005","F0VbEO_0Ybc","train"
"F1lAPYh4t3U.000","F1lAPYh4t3U","train"
"F1lAPYh4t3U.004","F1lAPYh4t3U","train"
"f1xAVtagIks.000","f1xAVtagIks","train"
"f1xAVtagIks.003","f1xAVtagIks","train"
"f39E4ct09Cc.000","f39E4ct09Cc","train"
"f39E4ct09Cc.001","f39E4ct09Cc","train"
"f39E4ct09Cc.005","f39E4ct09Cc","train"
"f3ZbA4UqGKE.005","f3ZbA4UqGKE","train"
"f4rQJiW6oSk.004","f4rQJiW6oSk","train"
"f4rQJiW6oSk.005","f4rQJiW6oSk","train"
"F4UeAogUMMs.000","F4UeAogUMMs","train"
"F4UeAogUMMs.001","F4UeAogUMMs","train"
"F4UeAogUMMs.002","F4UeAogUMMs","train"
"F4UeAogUMMs.003","F4UeAogUMMs","train"
"F4UeAogUMMs.004","F4UeAogUMMs","train"
"F4UeAogUMMs.005","F4UeAogUMMs","train"
"F4yC1_n6ApY.002","F4yC1_n6ApY","train"
"F5iykLTSCJc.000","F5iykLTSCJc","train"
"f5jPfJYvihA.000","f5jPfJYvihA","train"
"F5kL7RWS_f0.000","F5kL7RWS_f0","train"
"F5kL7RWS_f0.003","F5kL7RWS_f0","train"
"F5kL7RWS_f0.004","F5kL7RWS_f0","train"
"f70aaYsxPHY.001","f70aaYsxPHY","train"
"f70aaYsxPHY.002","f70aaYsxPHY","train"
"f7E26XfU8rw.002","f7E26XfU8rw","train"
"f7E26XfU8rw.003","f7E26XfU8rw","train"
"f7E26XfU8rw.005","f7E26XfU8rw","train"
"f7togdqxEoo.003","f7togdqxEoo","train"
"f8eU5Pc-y0g.004","f8eU5Pc-y0g","train"
"f8f00b0IgvA.001","f8f00b0IgvA","train"
"f8f00b0IgvA.002","f8f00b0IgvA","train"
"f8f00b0IgvA.004","f8f00b0IgvA","train"
"f9GeYKAXgAQ.000","f9GeYKAXgAQ","train"
"f9GeYKAXgAQ.001","f9GeYKAXgAQ","train"
"f9GeYKAXgAQ.002","f9GeYKAXgAQ","train"
"f9GeYKAXgAQ.003","f9GeYKAXgAQ","train"
"f9GeYKAXgAQ.005","f9GeYKAXgAQ","train"
"F9mZ6De_6Ko.004","F9mZ6De_6Ko","train"
"F9mZ6De_6Ko.005","F9mZ6De_6Ko","train"
"FaBTYkzhuK4.000","FaBTYkzhuK4","train"
"FaBTYkzhuK4.001","FaBTYkzhuK4","train"
"FaBTYkzhuK4.005","FaBTYkzhuK4","train"
"fBcc1UMtZME.001","fBcc1UMtZME","train"
"fBcc1UMtZME.005","fBcc1UMtZME","train"
"fbjDmltKVOM.000","fbjDmltKVOM","train"
"fBMKlYUjA9E.000","fBMKlYUjA9E","train"
"fBMKlYUjA9E.003","fBMKlYUjA9E","train"
"Fco1CMgOadI.002","Fco1CMgOadI","train"
"Fco1CMgOadI.003","Fco1CMgOadI","train"
"Fco1CMgOadI.005","Fco1CMgOadI","train"
"FcR9VhCxBb0.002","FcR9VhCxBb0","train"
"FcR9VhCxBb0.004","FcR9VhCxBb0","train"
"fDw_PAgW07o.000","fDw_PAgW07o","train"
"fDw_PAgW07o.001","fDw_PAgW07o","train"
"fDw_PAgW07o.002","fDw_PAgW07o","train"
"fDw_PAgW07o.003","fDw_PAgW07o","train"
"fDw_PAgW07o.005","fDw_PAgW07o","train"
"F-Dy1EFm_Mw.005","F-Dy1EFm_Mw","train"
"Fe9_SVPd_5I.004","Fe9_SVPd_5I","train"
"Fe9_SVPd_5I.005","Fe9_SVPd_5I","train"
"fEC3lEDxRnc.000","fEC3lEDxRnc","train"
"fEC3lEDxRnc.001","fEC3lEDxRnc","train"
"fEC3lEDxRnc.002","fEC3lEDxRnc","train"
"fEC3lEDxRnc.005","fEC3lEDxRnc","train"
"fecQUZ-ehKQ.000","fecQUZ-ehKQ","train"
"fecQUZ-ehKQ.002","fecQUZ-ehKQ","train"
"feg-RNvT-t0.000","feg-RNvT-t0","train"
"fEix0DPOWtg.005","fEix0DPOWtg","train"
"fEZrAGQoh_g.000","fEZrAGQoh_g","train"
"fEZrAGQoh_g.001","fEZrAGQoh_g","train"
"fEZrAGQoh_g.002","fEZrAGQoh_g","train"
"Ff0WqsFl-1s.005","Ff0WqsFl-1s","train"
"ff-3k-nzoXA.000","ff-3k-nzoXA","train"
"ff-3k-nzoXA.002","ff-3k-nzoXA","train"
"ff-3k-nzoXA.004","ff-3k-nzoXA","train"
"fGAcEyZXFTo.000","fGAcEyZXFTo","train"
"fGAcEyZXFTo.003","fGAcEyZXFTo","train"
"fGAcEyZXFTo.005","fGAcEyZXFTo","train"
"fgEddXirQvQ.005","fgEddXirQvQ","train"
"FGkS4vJYOpM.002","FGkS4vJYOpM","train"
"FGkS4vJYOpM.004","FGkS4vJYOpM","train"
"Fgq5I4bkq2s.001","Fgq5I4bkq2s","train"
"fH0jgh_VKmE.003","fH0jgh_VKmE","train"
"FhCOvzMrNs8.000","FhCOvzMrNs8","train"
"fhUGU2uiS1U.001","fhUGU2uiS1U","train"
"fhUGU2uiS1U.004","fhUGU2uiS1U","train"
"Fi1ILrwQpSY.001","Fi1ILrwQpSY","train"
"Fi1ILrwQpSY.002","Fi1ILrwQpSY","train"
"Fi1ILrwQpSY.003","Fi1ILrwQpSY","train"
"Fi1ILrwQpSY.005","Fi1ILrwQpSY","train"
"fiEEjrKhlNU.001","fiEEjrKhlNU","train"
"fiEEjrKhlNU.002","fiEEjrKhlNU","train"
"fIiXuRlTPa0.000","fIiXuRlTPa0","train"
"fipvPdFbKN4.000","fipvPdFbKN4","train"
"fipvPdFbKN4.004","fipvPdFbKN4","train"
"fiVkE3iDWY4.004","fiVkE3iDWY4","train"
"fiVORaERbP0.002","fiVORaERbP0","train"
"fiVORaERbP0.004","fiVORaERbP0","train"
"FJPqNQPXp5c.005","FJPqNQPXp5c","train"
"fk_ggmC872E.000","fk_ggmC872E","train"
"fk_ggmC872E.001","fk_ggmC872E","train"
"fk_ggmC872E.003","fk_ggmC872E","train"
"fkDqn2muw-A.000","fkDqn2muw-A","train"
"fkDqn2muw-A.002","fkDqn2muw-A","train"
"fkDqn2muw-A.003","fkDqn2muw-A","train"
"FksSYDfLH04.002","FksSYDfLH04","train"
"FkuwzJcoRVI.000","FkuwzJcoRVI","train"
"FkuwzJcoRVI.001","FkuwzJcoRVI","train"
"FkuwzJcoRVI.003","FkuwzJcoRVI","train"
"FkuwzJcoRVI.004","FkuwzJcoRVI","train"
"FkuwzJcoRVI.005","FkuwzJcoRVI","train"
"FkzVX7SQ9wE.001","FkzVX7SQ9wE","train"
"FkzVX7SQ9wE.002","FkzVX7SQ9wE","train"
"FkzVX7SQ9wE.004","FkzVX7SQ9wE","train"
"fL8VYpOTLSM.001","fL8VYpOTLSM","train"
"fL8VYpOTLSM.002","fL8VYpOTLSM","train"
"fL8VYpOTLSM.004","fL8VYpOTLSM","train"
"FlAGm93fJa0.000","FlAGm93fJa0","train"
"FlAGm93fJa0.004","FlAGm93fJa0","train"
"fLRRMLTFGMQ.000","fLRRMLTFGMQ","train"
"fLRRMLTFGMQ.002","fLRRMLTFGMQ","train"
"fLRRMLTFGMQ.004","fLRRMLTFGMQ","train"
"fLRRMLTFGMQ.005","fLRRMLTFGMQ","train"
"FM5UaJS-bhg.000","FM5UaJS-bhg","train"
"FM5UaJS-bhg.001","FM5UaJS-bhg","train"
"FM5UaJS-bhg.002","FM5UaJS-bhg","train"
"FM5UaJS-bhg.004","FM5UaJS-bhg","train"
"FM5UaJS-bhg.005","FM5UaJS-bhg","train"
"fmjILOLc3eg.001","fmjILOLc3eg","train"
"fmue_KpW9Ro.000","fmue_KpW9Ro","train"
"fmue_KpW9Ro.003","fmue_KpW9Ro","train"
"fmue_KpW9Ro.004","fmue_KpW9Ro","train"
"fmue_KpW9Ro.005","fmue_KpW9Ro","train"
"FNHMXPaHll0.004","FNHMXPaHll0","train"
"FogaU_yB9aY.001","FogaU_yB9aY","train"
"foj4bqLSmF8.001","foj4bqLSmF8","train"
"foj4bqLSmF8.002","foj4bqLSmF8","train"
"foj4bqLSmF8.003","foj4bqLSmF8","train"
"FoWuHvikyqU.001","FoWuHvikyqU","train"
"FoWuHvikyqU.003","FoWuHvikyqU","train"
"FoWuHvikyqU.004","FoWuHvikyqU","train"
"FPfgwGsy8dE.004","FPfgwGsy8dE","train"
"fPLd_NLF43M.002","fPLd_NLF43M","train"
"fpyBDfh7qF0.001","fpyBDfh7qF0","train"
"fpyBDfh7qF0.002","fpyBDfh7qF0","train"
"fpyBDfh7qF0.004","fpyBDfh7qF0","train"
"-fqiCqZtgYs.001","-fqiCqZtgYs","train"
"-fqiCqZtgYs.002","-fqiCqZtgYs","train"
"-fqiCqZtgYs.003","-fqiCqZtgYs","train"
"FQMmM3TL5rE.001","FQMmM3TL5rE","train"
"FQMmM3TL5rE.003","FQMmM3TL5rE","train"
"FQMmM3TL5rE.004","FQMmM3TL5rE","train"
"FrOxqNe6sAU.000","FrOxqNe6sAU","train"
"frsDpQjmC5k.002","frsDpQjmC5k","train"
"frsDpQjmC5k.003","frsDpQjmC5k","train"
"fsaslN7xV-w.000","fsaslN7xV-w","train"
"fsaslN7xV-w.002","fsaslN7xV-w","train"
"fsaslN7xV-w.004","fsaslN7xV-w","train"
"FSBBbxNi0iU.004","FSBBbxNi0iU","train"
"FSBBbxNi0iU.005","FSBBbxNi0iU","train"
"fsCK8Xuzl1Y.000","fsCK8Xuzl1Y","train"
"fsCK8Xuzl1Y.003","fsCK8Xuzl1Y","train"
"fsCK8Xuzl1Y.004","fsCK8Xuzl1Y","train"
"fSDA4eEyGHk.000","fSDA4eEyGHk","train"
"fSDA4eEyGHk.002","fSDA4eEyGHk","train"
"fSDA4eEyGHk.004","fSDA4eEyGHk","train"
"fSkQXqXR7D0.000","fSkQXqXR7D0","train"
"fSkQXqXR7D0.001","fSkQXqXR7D0","train"
"fSkQXqXR7D0.002","fSkQXqXR7D0","train"
"fSkQXqXR7D0.004","fSkQXqXR7D0","train"
"fsLf6Xv_Gbk.001","fsLf6Xv_Gbk","train"
"Ft0ahViXZPc.001","Ft0ahViXZPc","train"
"Ft0ahViXZPc.003","Ft0ahViXZPc","train"
"fTpemcfElxI.000","fTpemcfElxI","train"
"fTpemcfElxI.001","fTpemcfElxI","train"
"fTpemcfElxI.003","fTpemcfElxI","train"
"fTpemcfElxI.004","fTpemcfElxI","train"
"fTpemcfElxI.005","fTpemcfElxI","train"
"FU1ak530DDo.001","FU1ak530DDo","train"
"FU1ak530DDo.003","FU1ak530DDo","train"
"fUIWjaZCYwM.000","fUIWjaZCYwM","train"
"fUIWjaZCYwM.001","fUIWjaZCYwM","train"
"fuKtMm2WR0g.001","fuKtMm2WR0g","train"
"fv5lLeyRdd4.001","fv5lLeyRdd4","train"
"fv5lLeyRdd4.002","fv5lLeyRdd4","train"
"fv5lLeyRdd4.004","fv5lLeyRdd4","train"
"fv5lLeyRdd4.005","fv5lLeyRdd4","train"
"FvjIziLzffo.002","FvjIziLzffo","train"
"FvjIziLzffo.003","FvjIziLzffo","train"
"FvjIziLzffo.004","FvjIziLzffo","train"
"FwjoTGcsFNg.000","FwjoTGcsFNg","train"
"FwjoTGcsFNg.001","FwjoTGcsFNg","train"
"FwjoTGcsFNg.002","FwjoTGcsFNg","train"
"FwjoTGcsFNg.003","FwjoTGcsFNg","train"
"fwJykIyvS04.001","fwJykIyvS04","train"
"fwYZP8qOtC0.005","fwYZP8qOtC0","train"
"-fXqnCljdm0.000","-fXqnCljdm0","train"
"-fXqnCljdm0.003","-fXqnCljdm0","train"
"FxVUG2R1y0Q.000","FxVUG2R1y0Q","train"
"FxVUG2R1y0Q.001","FxVUG2R1y0Q","train"
"FxVUG2R1y0Q.004","FxVUG2R1y0Q","train"
"fY4tctYZTz8.003","fY4tctYZTz8","train"
"fY4tctYZTz8.005","fY4tctYZTz8","train"
"fYUcoKDyRiU.001","fYUcoKDyRiU","train"
"fyXiORXmWHs.002","fyXiORXmWHs","train"
"fyXiORXmWHs.003","fyXiORXmWHs","train"
"Fz1BcPpjNXY.001","Fz1BcPpjNXY","train"
"FZYN9ZFngFM.001","FZYN9ZFngFM","train"
"g_UeE-1ghtQ.001","g_UeE-1ghtQ","train"
"G_VQne_BXWE.002","G_VQne_BXWE","train"
"g00oS-Kt248.001","g00oS-Kt248","train"
"g0PWBzU95sI.000","g0PWBzU95sI","train"
"g0PWBzU95sI.001","g0PWBzU95sI","train"
"g0PWBzU95sI.004","g0PWBzU95sI","train"
"g0Zlp-F6Z6E.001","g0Zlp-F6Z6E","train"
"g0Zlp-F6Z6E.003","g0Zlp-F6Z6E","train"
"g0Zlp-F6Z6E.004","g0Zlp-F6Z6E","train"
"g1TMjzZH8bw.000","g1TMjzZH8bw","train"
"g1TMjzZH8bw.002","g1TMjzZH8bw","train"
"g1TMjzZH8bw.004","g1TMjzZH8bw","train"
"g24JGYuT74A.002","g24JGYuT74A","train"
"g24JGYuT74A.003","g24JGYuT74A","train"
"G-25EWOIGNs.000","G-25EWOIGNs","train"
"G-25EWOIGNs.001","G-25EWOIGNs","train"
"G-25EWOIGNs.002","G-25EWOIGNs","train"
"G-25EWOIGNs.004","G-25EWOIGNs","train"
"G-25EWOIGNs.005","G-25EWOIGNs","train"
"G2D3qU6R_YA.001","G2D3qU6R_YA","train"
"G2D3qU6R_YA.002","G2D3qU6R_YA","train"
"G2D3qU6R_YA.004","G2D3qU6R_YA","train"
"g4PQ753TDls.000","g4PQ753TDls","train"
"G7hYffrZ1Hc.004","G7hYffrZ1Hc","train"
"G7hYffrZ1Hc.005","G7hYffrZ1Hc","train"
"G7QTNbKbu_4.003","G7QTNbKbu_4","train"
"G7QTNbKbu_4.005","G7QTNbKbu_4","train"
"g7sDGH8APwk.000","g7sDGH8APwk","train"
"g8rjtlzAQ6k.002","g8rjtlzAQ6k","train"
"g8rjtlzAQ6k.003","g8rjtlzAQ6k","train"
"g9zgIN56MnQ.001","g9zgIN56MnQ","train"
"g9zgIN56MnQ.004","g9zgIN56MnQ","train"
"g9zgIN56MnQ.005","g9zgIN56MnQ","train"
"ga_XczsO4eY.000","ga_XczsO4eY","train"
"ga_XczsO4eY.001","ga_XczsO4eY","train"
"ga_XczsO4eY.004","ga_XczsO4eY","train"
"ga_XczsO4eY.005","ga_XczsO4eY","train"
"GaUs3UUUtmw.001","GaUs3UUUtmw","train"
"gAWA-fcIa_M.001","gAWA-fcIa_M","train"
"gAWA-fcIa_M.002","gAWA-fcIa_M","train"
"gAWA-fcIa_M.003","gAWA-fcIa_M","train"
"gAWA-fcIa_M.004","gAWA-fcIa_M","train"
"gAWA-fcIa_M.005","gAWA-fcIa_M","train"
"gChqk1izWkc.002","gChqk1izWkc","train"
"GCkOL2jLSQA.000","GCkOL2jLSQA","train"
"GCkOL2jLSQA.001","GCkOL2jLSQA","train"
"GCkOL2jLSQA.002","GCkOL2jLSQA","train"
"GCkOL2jLSQA.005","GCkOL2jLSQA","train"
"gCQT7zfS7sI.001","gCQT7zfS7sI","train"
"gCQT7zfS7sI.002","gCQT7zfS7sI","train"
"Gd08FYfFRtk.000","Gd08FYfFRtk","train"
"Gd08FYfFRtk.001","Gd08FYfFRtk","train"
"Gd08FYfFRtk.004","Gd08FYfFRtk","train"
"Gd08FYfFRtk.005","Gd08FYfFRtk","train"
"Gdrgw7Z6tLg.002","Gdrgw7Z6tLg","train"
"Gdrgw7Z6tLg.003","Gdrgw7Z6tLg","train"
"Gdv79afXNKE.003","Gdv79afXNKE","train"
"Gdv79afXNKE.005","Gdv79afXNKE","train"
"geji1U2YAvg.002","geji1U2YAvg","train"
"geXpIfaFzF4.001","geXpIfaFzF4","train"
"geXpIfaFzF4.002","geXpIfaFzF4","train"
"geXpIfaFzF4.003","geXpIfaFzF4","train"
"geXpIfaFzF4.004","geXpIfaFzF4","train"
"gFEntQ_UKvk.002","gFEntQ_UKvk","train"
"gFEntQ_UKvk.003","gFEntQ_UKvk","train"
"gfTTzlRNF8s.003","gfTTzlRNF8s","train"
"Gg4OMtVe7lk.000","Gg4OMtVe7lk","train"
"Gg4OMtVe7lk.001","Gg4OMtVe7lk","train"
"Gg4OMtVe7lk.002","Gg4OMtVe7lk","train"
"GG9WPQLI_rg.000","GG9WPQLI_rg","train"
"GG9WPQLI_rg.004","GG9WPQLI_rg","train"
"GG9WPQLI_rg.005","GG9WPQLI_rg","train"
"gggp205gPMI.001","gggp205gPMI","train"
"gggp205gPMI.003","gggp205gPMI","train"
"GGiKj4OC2Jk.001","GGiKj4OC2Jk","train"
"GHetseJP358.001","GHetseJP358","train"
"GHetseJP358.004","GHetseJP358","train"
"gipWTZy9mjI.000","gipWTZy9mjI","train"
"gipWTZy9mjI.002","gipWTZy9mjI","train"
"gipWTZy9mjI.003","gipWTZy9mjI","train"
"gipWTZy9mjI.005","gipWTZy9mjI","train"
"gj3-xvhPeWg.003","gj3-xvhPeWg","train"
"gj3-xvhPeWg.005","gj3-xvhPeWg","train"
"Gk94xrcmFts.000","Gk94xrcmFts","train"
"Gk94xrcmFts.002","Gk94xrcmFts","train"
"Gk94xrcmFts.003","Gk94xrcmFts","train"
"Gk94xrcmFts.004","Gk94xrcmFts","train"
"Gk94xrcmFts.005","Gk94xrcmFts","train"
"GkA0RCMSWF4.000","GkA0RCMSWF4","train"
"gkKHdsF6du4.000","gkKHdsF6du4","train"
"gkKHdsF6du4.003","gkKHdsF6du4","train"
"gkKHdsF6du4.004","gkKHdsF6du4","train"
"GkPz3-y6Les.001","GkPz3-y6Les","train"
"gktkLqLHMGs.001","gktkLqLHMGs","train"
"Gl93Hw1A2kY.002","Gl93Hw1A2kY","train"
"Gl93Hw1A2kY.003","Gl93Hw1A2kY","train"
"Gl93Hw1A2kY.005","Gl93Hw1A2kY","train"
"-Gl98Jn45Fs.000","-Gl98Jn45Fs","train"
"-Gl98Jn45Fs.001","-Gl98Jn45Fs","train"
"-Gl98Jn45Fs.003","-Gl98Jn45Fs","train"
"glgfB3vFewc.000","glgfB3vFewc","train"
"glgfB3vFewc.002","glgfB3vFewc","train"
"glgfB3vFewc.003","glgfB3vFewc","train"
"gLtvOEy7m8Q.002","gLtvOEy7m8Q","train"
"gLtvOEy7m8Q.005","gLtvOEy7m8Q","train"
"gM_KAA-ejJA.005","gM_KAA-ejJA","train"
"GMwEmLo-gfc.000","GMwEmLo-gfc","train"
"GMwEmLo-gfc.002","GMwEmLo-gfc","train"
"GMwEmLo-gfc.003","GMwEmLo-gfc","train"
"GMwEmLo-gfc.004","GMwEmLo-gfc","train"
"gngqDNTAXnI.002","gngqDNTAXnI","train"
"gngqDNTAXnI.004","gngqDNTAXnI","train"
"GO6s-qDADuU.004","GO6s-qDADuU","train"
"GocSYjCaMlA.005","GocSYjCaMlA","train"
"Gomd4Y8-D2Q.005","Gomd4Y8-D2Q","train"
"gOS-CneQsxI.003","gOS-CneQsxI","train"
"gq0yaEv6gSE.000","gq0yaEv6gSE","train"
"gq0yaEv6gSE.002","gq0yaEv6gSE","train"
"GQczMGrVgbc.000","GQczMGrVgbc","train"
"GQczMGrVgbc.001","GQczMGrVgbc","train"
"GQczMGrVgbc.002","GQczMGrVgbc","train"
"GquB5W7bzFo.003","GquB5W7bzFo","train"
"grhDDOLsBho.000","grhDDOLsBho","train"
"grhDDOLsBho.002","grhDDOLsBho","train"
"grhDDOLsBho.004","grhDDOLsBho","train"
"grhDDOLsBho.005","grhDDOLsBho","train"
"GR-P1m_Yvm0.000","GR-P1m_Yvm0","train"
"GR-P1m_Yvm0.005","GR-P1m_Yvm0","train"
"GRXPm8mmidw.000","GRXPm8mmidw","train"
"GS7cBLgZKgk.000","GS7cBLgZKgk","train"
"GS7cBLgZKgk.001","GS7cBLgZKgk","train"
"GS7cBLgZKgk.002","GS7cBLgZKgk","train"
"GS7cBLgZKgk.003","GS7cBLgZKgk","train"
"GS7cBLgZKgk.004","GS7cBLgZKgk","train"
"Gs-AdRcYSPo.000","Gs-AdRcYSPo","train"
"Gs-AdRcYSPo.001","Gs-AdRcYSPo","train"
"Gs-AdRcYSPo.004","Gs-AdRcYSPo","train"
"gSCurvS_vWU.004","gSCurvS_vWU","train"
"gsleSGEZHAs.000","gsleSGEZHAs","train"
"gsleSGEZHAs.001","gsleSGEZHAs","train"
"gsleSGEZHAs.002","gsleSGEZHAs","train"
"gsleSGEZHAs.004","gsleSGEZHAs","train"
"gsleSGEZHAs.005","gsleSGEZHAs","train"
"GTmHSF6vNWc.001","GTmHSF6vNWc","train"
"GTmHSF6vNWc.002","GTmHSF6vNWc","train"
"GTmHSF6vNWc.003","GTmHSF6vNWc","train"
"GTmHSF6vNWc.005","GTmHSF6vNWc","train"
"GUxm9AWVpOI.000","GUxm9AWVpOI","train"
"GUxm9AWVpOI.003","GUxm9AWVpOI","train"
"gUyH1qvbOZA.000","gUyH1qvbOZA","train"
"gUyH1qvbOZA.004","gUyH1qvbOZA","train"
"gUyH1qvbOZA.005","gUyH1qvbOZA","train"
"Gvdh94z-SoM.002","Gvdh94z-SoM","train"
"gWCgqVn3m3k.000","gWCgqVn3m3k","train"
"gWCgqVn3m3k.001","gWCgqVn3m3k","train"
"GwKmjEb3qN0.001","GwKmjEb3qN0","train"
"GwKmjEb3qN0.002","GwKmjEb3qN0","train"
"GwKmjEb3qN0.004","GwKmjEb3qN0","train"
"GWOtluILlk4.002","GWOtluILlk4","train"
"GWOtluILlk4.003","GWOtluILlk4","train"
"GWOtluILlk4.005","GWOtluILlk4","train"
"gX20EUUZc9M.004","gX20EUUZc9M","train"
"GxMxrhiyjO8.005","GxMxrhiyjO8","train"
"GYku69XEoxc.002","GYku69XEoxc","train"
"GYku69XEoxc.004","GYku69XEoxc","train"
"GyLjVOVPGKQ.001","GyLjVOVPGKQ","train"
"GyLjVOVPGKQ.003","GyLjVOVPGKQ","train"
"GyLjVOVPGKQ.004","GyLjVOVPGKQ","train"
"GyLjVOVPGKQ.005","GyLjVOVPGKQ","train"
"gZblxCs4EV4.001","gZblxCs4EV4","train"
"gZzB49daFfA.003","gZzB49daFfA","train"
"gZzB49daFfA.005","gZzB49daFfA","train"
"h_GDQ9_H1es.002","h_GDQ9_H1es","train"
"h_kjgcJ_bqU.002","h_kjgcJ_bqU","train"
"h_kjgcJ_bqU.003","h_kjgcJ_bqU","train"
"h_kjgcJ_bqU.004","h_kjgcJ_bqU","train"
"h_kjgcJ_bqU.005","h_kjgcJ_bqU","train"
"H0_4dZMjUow.001","H0_4dZMjUow","train"
"h2-_bQdTZYY.004","h2-_bQdTZYY","train"
"H6s9aFAQP3M.000","H6s9aFAQP3M","train"
"H6yu96w7tUc.000","H6yu96w7tUc","train"
"H6yu96w7tUc.002","H6yu96w7tUc","train"
"H6yu96w7tUc.005","H6yu96w7tUc","train"
"h7qbP1GS50U.003","h7qbP1GS50U","train"
"h7qbP1GS50U.004","h7qbP1GS50U","train"
"H8h4fAGgV18.001","H8h4fAGgV18","train"
"H8h4fAGgV18.005","H8h4fAGgV18","train"
"h9jIdLBaMEo.000","h9jIdLBaMEo","train"
"h9jIdLBaMEo.001","h9jIdLBaMEo","train"
"h9jIdLBaMEo.002","h9jIdLBaMEo","train"
"h9jIdLBaMEo.004","h9jIdLBaMEo","train"
"haxhAfuccuE.000","haxhAfuccuE","train"
"HbGeoKBULAA.001","HbGeoKBULAA","train"
"HCkDd0UnUgo.000","HCkDd0UnUgo","train"
"HCkDd0UnUgo.002","HCkDd0UnUgo","train"
"HCkDd0UnUgo.003","HCkDd0UnUgo","train"
"HCkDd0UnUgo.004","HCkDd0UnUgo","train"
"hd2-msVu9-g.000","hd2-msVu9-g","train"
"hDqsuyVeWmw.000","hDqsuyVeWmw","train"
"hDqsuyVeWmw.004","hDqsuyVeWmw","train"
"heE4ZZXwehI.002","heE4ZZXwehI","train"
"HegkSmkiBos.005","HegkSmkiBos","train"
"HEHMW0uiFa4.000","HEHMW0uiFa4","train"
"HEHMW0uiFa4.002","HEHMW0uiFa4","train"
"HekcZ0Em60E.000","HekcZ0Em60E","train"
"HekcZ0Em60E.002","HekcZ0Em60E","train"
"HekcZ0Em60E.004","HekcZ0Em60E","train"
"HekcZ0Em60E.005","HekcZ0Em60E","train"
"hF3yR5rmga8.001","hF3yR5rmga8","train"
"hF3yR5rmga8.003","hF3yR5rmga8","train"
"hF3yR5rmga8.004","hF3yR5rmga8","train"
"hfUH9Am-Izs.000","hfUH9Am-Izs","train"
"hG0I7DLSSYg.001","hG0I7DLSSYg","train"
"hG0I7DLSSYg.002","hG0I7DLSSYg","train"
"hG0I7DLSSYg.003","hG0I7DLSSYg","train"
"hG0I7DLSSYg.005","hG0I7DLSSYg","train"
"hG-pwa191bw.000","hG-pwa191bw","train"
"hG-pwa191bw.002","hG-pwa191bw","train"
"HH03EXo0TB0.001","HH03EXo0TB0","train"
"HH03EXo0TB0.002","HH03EXo0TB0","train"
"HH03EXo0TB0.004","HH03EXo0TB0","train"
"HH14jGFGuL0.005","HH14jGFGuL0","train"
"HhC2cGFFZeY.000","HhC2cGFFZeY","train"
"HhC2cGFFZeY.001","HhC2cGFFZeY","train"
"HhC2cGFFZeY.005","HhC2cGFFZeY","train"
"hhdoeK8SsiI.000","hhdoeK8SsiI","train"
"hhdoeK8SsiI.001","hhdoeK8SsiI","train"
"hhdoeK8SsiI.002","hhdoeK8SsiI","train"
"hhdoeK8SsiI.003","hhdoeK8SsiI","train"
"hhdoeK8SsiI.005","hhdoeK8SsiI","train"
"hhdzTOyFIo8.001","hhdzTOyFIo8","train"
"hhdzTOyFIo8.002","hhdzTOyFIo8","train"
"hhdzTOyFIo8.003","hhdzTOyFIo8","train"
"hi8A0nUHnL8.003","hi8A0nUHnL8","train"
"hIFNZ_ycngg.001","hIFNZ_ycngg","train"
"hIFNZ_ycngg.002","hIFNZ_ycngg","train"
"hIxLNK_x_QA.002","hIxLNK_x_QA","train"
"hIxLNK_x_QA.005","hIxLNK_x_QA","train"
"HJkoeB_F4c4.000","HJkoeB_F4c4","train"
"HJkoeB_F4c4.001","HJkoeB_F4c4","train"
"h-jMFLm6U_Y.000","h-jMFLm6U_Y","train"
"h-jMFLm6U_Y.004","h-jMFLm6U_Y","train"
"hK5lmI9pwck.003","hK5lmI9pwck","train"
"HkBs4_vaCcs.000","HkBs4_vaCcs","train"
"Hklc55y7vUI.000","Hklc55y7vUI","train"
"Hklc55y7vUI.005","Hklc55y7vUI","train"
"hl70w5drc_4.003","hl70w5drc_4","train"
"HL-K_PZXFR4.005","HL-K_PZXFR4","train"
"Hm5K_K0v718.000","Hm5K_K0v718","train"
"Hm5K_K0v718.003","Hm5K_K0v718","train"
"Hm5K_K0v718.004","Hm5K_K0v718","train"
"hM96SfN5_F4.004","hM96SfN5_F4","train"
"hmTY4CubpiE.002","hmTY4CubpiE","train"
"hmy9XEvT2v4.000","hmy9XEvT2v4","train"
"hmy9XEvT2v4.004","hmy9XEvT2v4","train"
"HNKnvSmTkC4.001","HNKnvSmTkC4","train"
"HNKnvSmTkC4.002","HNKnvSmTkC4","train"
"HNKnvSmTkC4.005","HNKnvSmTkC4","train"
"hnMp0eX28es.001","hnMp0eX28es","train"
"hnWMsZEQWt4.001","hnWMsZEQWt4","train"
"hnWMsZEQWt4.003","hnWMsZEQWt4","train"
"HoJXPFp9hYo.000","HoJXPFp9hYo","train"
"HoJXPFp9hYo.004","HoJXPFp9hYo","train"
"HONL8ha-1BE.000","HONL8ha-1BE","train"
"HONL8ha-1BE.002","HONL8ha-1BE","train"
"HONL8ha-1BE.003","HONL8ha-1BE","train"
"HONL8ha-1BE.004","HONL8ha-1BE","train"
"HONL8ha-1BE.005","HONL8ha-1BE","train"
"hOXvRgxjfik.000","hOXvRgxjfik","train"
"hOXvRgxjfik.001","hOXvRgxjfik","train"
"hOXvRgxjfik.003","hOXvRgxjfik","train"
"hOXvRgxjfik.004","hOXvRgxjfik","train"
"HP8f3oqJwz0.000","HP8f3oqJwz0","train"
"HP8f3oqJwz0.001","HP8f3oqJwz0","train"
"HP8f3oqJwz0.002","HP8f3oqJwz0","train"
"HP8f3oqJwz0.003","HP8f3oqJwz0","train"
"HP8f3oqJwz0.005","HP8f3oqJwz0","train"
"HPEemWelY1E.000","HPEemWelY1E","train"
"HPEemWelY1E.001","HPEemWelY1E","train"
"HPEemWelY1E.002","HPEemWelY1E","train"
"HPEemWelY1E.004","HPEemWelY1E","train"
"hPguTv1Zvg8.001","hPguTv1Zvg8","train"
"hPguTv1Zvg8.002","hPguTv1Zvg8","train"
"hPguTv1Zvg8.003","hPguTv1Zvg8","train"
"hPguTv1Zvg8.004","hPguTv1Zvg8","train"
"hqe-8SMJGmc.003","hqe-8SMJGmc","train"
"hQImLccateA.002","hQImLccateA","train"
"hquzfo9MVDo.001","hquzfo9MVDo","train"
"hquzfo9MVDo.002","hquzfo9MVDo","train"
"hquzfo9MVDo.003","hquzfo9MVDo","train"
"HQZD4j8_FR8.003","HQZD4j8_FR8","train"
"hrat_RJczFM.001","hrat_RJczFM","train"
"hrat_RJczFM.002","hrat_RJczFM","train"
"hrat_RJczFM.004","hrat_RJczFM","train"
"HrddpXxWFns.002","HrddpXxWFns","train"
"hspeWl-Bip0.002","hspeWl-Bip0","train"
"hspeWl-Bip0.003","hspeWl-Bip0","train"
"hspeWl-Bip0.004","hspeWl-Bip0","train"
"hsXn0N8bAYs.005","hsXn0N8bAYs","train"
"HT_8WpgGqjk.000","HT_8WpgGqjk","train"
"HT_8WpgGqjk.001","HT_8WpgGqjk","train"
"HT_8WpgGqjk.003","HT_8WpgGqjk","train"
"HT_8WpgGqjk.004","HT_8WpgGqjk","train"
"hT83GkLYIFs.001","hT83GkLYIFs","train"
"hT83GkLYIFs.002","hT83GkLYIFs","train"
"HTF8k56_Oxo.001","HTF8k56_Oxo","train"
"HTF8k56_Oxo.004","HTF8k56_Oxo","train"
"HTF8k56_Oxo.005","HTF8k56_Oxo","train"
"htH89DBizno.000","htH89DBizno","train"
"htH89DBizno.001","htH89DBizno","train"
"htH89DBizno.002","htH89DBizno","train"
"htH89DBizno.003","htH89DBizno","train"
"htH89DBizno.005","htH89DBizno","train"
"HUHFlCs3YJ8.000","HUHFlCs3YJ8","train"
"HUHFlCs3YJ8.001","HUHFlCs3YJ8","train"
"HUHFlCs3YJ8.003","HUHFlCs3YJ8","train"
"HUHFlCs3YJ8.005","HUHFlCs3YJ8","train"
"huIQlWsIEvY.000","huIQlWsIEvY","train"
"huIQlWsIEvY.003","huIQlWsIEvY","train"
"huIQlWsIEvY.004","huIQlWsIEvY","train"
"huIQlWsIEvY.005","huIQlWsIEvY","train"
"HUJt0I1UKzo.000","HUJt0I1UKzo","train"
"HUJt0I1UKzo.001","HUJt0I1UKzo","train"
"HUJt0I1UKzo.002","HUJt0I1UKzo","train"
"HUJt0I1UKzo.003","HUJt0I1UKzo","train"
"HUxtuDE-YNE.003","HUxtuDE-YNE","train"
"HUxtuDE-YNE.004","HUxtuDE-YNE","train"
"HWuh0biZQ_c.000","HWuh0biZQ_c","train"
"HWuh0biZQ_c.001","HWuh0biZQ_c","train"
"HWuh0biZQ_c.002","HWuh0biZQ_c","train"
"hX2TVefa5bQ.002","hX2TVefa5bQ","train"
"hX2TVefa5bQ.005","hX2TVefa5bQ","train"
"HX-3jJdK7HM.001","HX-3jJdK7HM","train"
"HX-3jJdK7HM.004","HX-3jJdK7HM","train"
"hZIGQXercNA.001","hZIGQXercNA","train"
"I_ncZcYgFjw.000","I_ncZcYgFjw","train"
"I_ncZcYgFjw.002","I_ncZcYgFjw","train"
"I01_ubtktEQ.001","I01_ubtktEQ","train"
"I01_ubtktEQ.003","I01_ubtktEQ","train"
"I01_ubtktEQ.004","I01_ubtktEQ","train"
"I01_ubtktEQ.005","I01_ubtktEQ","train"
"i1cAYtXA2Xs.002","i1cAYtXA2Xs","train"
"i1cAYtXA2Xs.003","i1cAYtXA2Xs","train"
"i1gouUmZumY.001","i1gouUmZumY","train"
"i1gouUmZumY.002","i1gouUmZumY","train"
"i1gouUmZumY.003","i1gouUmZumY","train"
"i4IVTm3uvoM.000","i4IVTm3uvoM","train"
"i4IVTm3uvoM.002","i4IVTm3uvoM","train"
"i4IVTm3uvoM.005","i4IVTm3uvoM","train"
"I53JQFtiQxM.000","I53JQFtiQxM","train"
"I5x9T9ftW18.000","I5x9T9ftW18","train"
"I5x9T9ftW18.004","I5x9T9ftW18","train"
"I5x9T9ftW18.005","I5x9T9ftW18","train"
"I8jMoBAMtVA.000","I8jMoBAMtVA","train"
"I8jMoBAMtVA.005","I8jMoBAMtVA","train"
"iaCYb7um0Lw.000","iaCYb7um0Lw","train"
"iAgu-wDe2MQ.000","iAgu-wDe2MQ","train"
"iAgu-wDe2MQ.002","iAgu-wDe2MQ","train"
"iAgu-wDe2MQ.003","iAgu-wDe2MQ","train"
"ibawV2tqKug.001","ibawV2tqKug","train"
"ibawV2tqKug.004","ibawV2tqKug","train"
"ibawV2tqKug.005","ibawV2tqKug","train"
"IBqmyEhgnHM.005","IBqmyEhgnHM","train"
"ic_LECbCm5M.002","ic_LECbCm5M","train"
"ic_LECbCm5M.004","ic_LECbCm5M","train"
"idsEawKW4X8.000","idsEawKW4X8","train"
"idsEawKW4X8.004","idsEawKW4X8","train"
"idsEawKW4X8.005","idsEawKW4X8","train"
"Ie2y_yOeKpo.004","Ie2y_yOeKpo","train"
"IFF47jVKMj8.002","IFF47jVKMj8","train"
"IFF47jVKMj8.003","IFF47jVKMj8","train"
"IFF47jVKMj8.004","IFF47jVKMj8","train"
"iFSF6v3xw_k.002","iFSF6v3xw_k","train"
"iFSF6v3xw_k.005","iFSF6v3xw_k","train"
"IFXaH_E54iA.002","IFXaH_E54iA","train"
"IFXaH_E54iA.004","IFXaH_E54iA","train"
"IFXaH_E54iA.005","IFXaH_E54iA","train"
"iGBVrJMr62U.000","iGBVrJMr62U","train"
"iGBVrJMr62U.002","iGBVrJMr62U","train"
"iGBVrJMr62U.003","iGBVrJMr62U","train"
"iGBVrJMr62U.005","iGBVrJMr62U","train"
"iGlLSkRAsJc.000","iGlLSkRAsJc","train"
"iGlLSkRAsJc.003","iGlLSkRAsJc","train"
"iGlLSkRAsJc.004","iGlLSkRAsJc","train"
"iGlLSkRAsJc.005","iGlLSkRAsJc","train"
"ihA8DzHWyiU.001","ihA8DzHWyiU","train"
"ihEFzP5S57g.000","ihEFzP5S57g","train"
"ihEFzP5S57g.003","ihEFzP5S57g","train"
"IHJn3UHXCMs.000","IHJn3UHXCMs","train"
"IHJn3UHXCMs.001","IHJn3UHXCMs","train"
"IHJn3UHXCMs.003","IHJn3UHXCMs","train"
"IHJn3UHXCMs.004","IHJn3UHXCMs","train"
"II2KVV-uLNI.000","II2KVV-uLNI","train"
"II2KVV-uLNI.001","II2KVV-uLNI","train"
"II2KVV-uLNI.002","II2KVV-uLNI","train"
"II2KVV-uLNI.003","II2KVV-uLNI","train"
"II2KVV-uLNI.004","II2KVV-uLNI","train"
"II2KVV-uLNI.005","II2KVV-uLNI","train"
"iiW_nu6JITY.001","iiW_nu6JITY","train"
"iiW_nu6JITY.002","iiW_nu6JITY","train"
"iiW_nu6JITY.004","iiW_nu6JITY","train"
"iiW_nu6JITY.005","iiW_nu6JITY","train"
"iJGHwoJKEpA.002","iJGHwoJKEpA","train"
"iJGHwoJKEpA.003","iJGHwoJKEpA","train"
"-IK--4uz5ZY.000","-IK--4uz5ZY","train"
"-IK--4uz5ZY.002","-IK--4uz5ZY","train"
"-IK--4uz5ZY.003","-IK--4uz5ZY","train"
"-IK--4uz5ZY.004","-IK--4uz5ZY","train"
"IL5VgGakSNw.000","IL5VgGakSNw","train"
"IL5VgGakSNw.003","IL5VgGakSNw","train"
"IL5VgGakSNw.005","IL5VgGakSNw","train"
"iL6lNdRS0ZU.000","iL6lNdRS0ZU","train"
"IlbODduDCb4.000","IlbODduDCb4","train"
"IlbODduDCb4.001","IlbODduDCb4","train"
"IlbODduDCb4.002","IlbODduDCb4","train"
"IlbODduDCb4.003","IlbODduDCb4","train"
"IlbODduDCb4.004","IlbODduDCb4","train"
"IlbODduDCb4.005","IlbODduDCb4","train"
"ilOi-sQo9HI.001","ilOi-sQo9HI","train"
"ilOi-sQo9HI.005","ilOi-sQo9HI","train"
"IMCEXoAkZv4.000","IMCEXoAkZv4","train"
"IMCEXoAkZv4.002","IMCEXoAkZv4","train"
"IMCEXoAkZv4.005","IMCEXoAkZv4","train"
"in-HuMgiDCE.001","in-HuMgiDCE","train"
"in-HuMgiDCE.002","in-HuMgiDCE","train"
"in-HuMgiDCE.003","in-HuMgiDCE","train"
"in-HuMgiDCE.004","in-HuMgiDCE","train"
"io0aNQE8En8.000","io0aNQE8En8","train"
"io0aNQE8En8.002","io0aNQE8En8","train"
"io0aNQE8En8.003","io0aNQE8En8","train"
"io0aNQE8En8.005","io0aNQE8En8","train"
"io8dFIfl9Go.000","io8dFIfl9Go","train"
"ioaBnmfoHgo.000","ioaBnmfoHgo","train"
"iOB65zCiOFM.001","iOB65zCiOFM","train"
"iOB65zCiOFM.003","iOB65zCiOFM","train"
"iOv0_RdVPCM.000","iOv0_RdVPCM","train"
"iOv0_RdVPCM.003","iOv0_RdVPCM","train"
"iOv0_RdVPCM.005","iOv0_RdVPCM","train"
"iPblZBQpafs.001","iPblZBQpafs","train"
"iPblZBQpafs.002","iPblZBQpafs","train"
"iPblZBQpafs.003","iPblZBQpafs","train"
"iPblZBQpafs.004","iPblZBQpafs","train"
"iPblZBQpafs.005","iPblZBQpafs","train"
"IPjl2LdPMn0.000","IPjl2LdPMn0","train"
"IPjl2LdPMn0.003","IPjl2LdPMn0","train"
"IPjl2LdPMn0.004","IPjl2LdPMn0","train"
"ipP--IqIuWU.001","ipP--IqIuWU","train"
"ipP--IqIuWU.002","ipP--IqIuWU","train"
"ipP--IqIuWU.003","ipP--IqIuWU","train"
"Iqbg3CwVpXA.004","Iqbg3CwVpXA","train"
"IQdz0Pd-L2Y.001","IQdz0Pd-L2Y","train"
"IQdz0Pd-L2Y.003","IQdz0Pd-L2Y","train"
"IQdz0Pd-L2Y.004","IQdz0Pd-L2Y","train"
"IQdz0Pd-L2Y.005","IQdz0Pd-L2Y","train"
"IQNNEfYYYiw.005","IQNNEfYYYiw","train"
"iqs7mZbg5UI.001","iqs7mZbg5UI","train"
"iqs7mZbg5UI.005","iqs7mZbg5UI","train"
"iQvoDdxt06M.000","iQvoDdxt06M","train"
"iQvoDdxt06M.003","iQvoDdxt06M","train"
"iQvoDdxt06M.005","iQvoDdxt06M","train"
"isaP2l3rlBQ.001","isaP2l3rlBQ","train"
"isqmQc9AfBc.000","isqmQc9AfBc","train"
"isqmQc9AfBc.001","isqmQc9AfBc","train"
"isqmQc9AfBc.003","isqmQc9AfBc","train"
"isqmQc9AfBc.005","isqmQc9AfBc","train"
"It0-yCwOc5k.000","It0-yCwOc5k","train"
"It0-yCwOc5k.002","It0-yCwOc5k","train"
"It0-yCwOc5k.003","It0-yCwOc5k","train"
"ItkIHtgVhIk.000","ItkIHtgVhIk","train"
"ItkIHtgVhIk.001","ItkIHtgVhIk","train"
"ItkIHtgVhIk.004","ItkIHtgVhIk","train"
"iuiuZuWtEH8.001","iuiuZuWtEH8","train"
"IV01x2GS61g.000","IV01x2GS61g","train"
"ivcVlDXJCDo.000","ivcVlDXJCDo","train"
"ivcVlDXJCDo.001","ivcVlDXJCDo","train"
"ivcVlDXJCDo.002","ivcVlDXJCDo","train"
"ivecmGb711M.001","ivecmGb711M","train"
"IveGfOJ86wY.000","IveGfOJ86wY","train"
"IveGfOJ86wY.001","IveGfOJ86wY","train"
"IveGfOJ86wY.002","IveGfOJ86wY","train"
"IveGfOJ86wY.004","IveGfOJ86wY","train"
"ivpw58MIRtQ.003","ivpw58MIRtQ","train"
"ivpw58MIRtQ.005","ivpw58MIRtQ","train"
"iW1t-ZiG2rc.000","iW1t-ZiG2rc","train"
"iW1t-ZiG2rc.001","iW1t-ZiG2rc","train"
"IWAT58l2Chg.001","IWAT58l2Chg","train"
"IwfA-squ7Oo.000","IwfA-squ7Oo","train"
"IwfA-squ7Oo.001","IwfA-squ7Oo","train"
"IwfA-squ7Oo.002","IwfA-squ7Oo","train"
"IwfA-squ7Oo.004","IwfA-squ7Oo","train"
"IwfA-squ7Oo.005","IwfA-squ7Oo","train"
"iWyAQkMVNfM.003","iWyAQkMVNfM","train"
"iWyAQkMVNfM.004","iWyAQkMVNfM","train"
"iXaqqRE76lI.000","iXaqqRE76lI","train"
"iXaqqRE76lI.001","iXaqqRE76lI","train"
"iXaqqRE76lI.003","iXaqqRE76lI","train"
"ixkHBIX84SE.000","ixkHBIX84SE","train"
"ixPqs7L8oAE.003","ixPqs7L8oAE","train"
"ixPqs7L8oAE.004","ixPqs7L8oAE","train"
"ixPqs7L8oAE.005","ixPqs7L8oAE","train"
"IXVf5VWxOAg.000","IXVf5VWxOAg","train"
"IXVf5VWxOAg.002","IXVf5VWxOAg","train"
"IXVf5VWxOAg.003","IXVf5VWxOAg","train"
"IXVf5VWxOAg.004","IXVf5VWxOAg","train"
"IXVf5VWxOAg.005","IXVf5VWxOAg","train"
"IyBCZySg-c4.000","IyBCZySg-c4","train"
"IyBCZySg-c4.001","IyBCZySg-c4","train"
"IyBCZySg-c4.003","IyBCZySg-c4","train"
"iYVJt41_q7M.002","iYVJt41_q7M","train"
"IzKWDY_QNTU.000","IzKWDY_QNTU","train"
"izq1ogkfedI.002","izq1ogkfedI","train"
"izq1ogkfedI.004","izq1ogkfedI","train"
"izqyworQEEM.000","izqyworQEEM","train"
"izqyworQEEM.001","izqyworQEEM","train"
"izqyworQEEM.002","izqyworQEEM","train"
"IzsP0TRzFbo.002","IzsP0TRzFbo","train"
"j0dnDXTyUBA.001","j0dnDXTyUBA","train"
"J0I8JzMR4IE.005","J0I8JzMR4IE","train"
"J0JrzUmZGcA.001","J0JrzUmZGcA","train"
"J0JrzUmZGcA.002","J0JrzUmZGcA","train"
"J0JrzUmZGcA.003","J0JrzUmZGcA","train"
"J0JrzUmZGcA.005","J0JrzUmZGcA","train"
"j1idNSoB7tA.000","j1idNSoB7tA","train"
"J28DwJsK8Do.000","J28DwJsK8Do","train"
"J28DwJsK8Do.002","J28DwJsK8Do","train"
"J28DwJsK8Do.003","J28DwJsK8Do","train"
"J28DwJsK8Do.004","J28DwJsK8Do","train"
"J30sMEMrKjA.000","J30sMEMrKjA","train"
"J30sMEMrKjA.001","J30sMEMrKjA","train"
"J30sMEMrKjA.002","J30sMEMrKjA","train"
"j3jdT1V-DeI.000","j3jdT1V-DeI","train"
"j3jdT1V-DeI.001","j3jdT1V-DeI","train"
"j3jdT1V-DeI.002","j3jdT1V-DeI","train"
"j3jdT1V-DeI.003","j3jdT1V-DeI","train"
"j3jdT1V-DeI.004","j3jdT1V-DeI","train"
"j3jdT1V-DeI.005","j3jdT1V-DeI","train"
"J4GQm9j0JZ0.000","J4GQm9j0JZ0","train"
"J4GQm9j0JZ0.001","J4GQm9j0JZ0","train"
"J4GQm9j0JZ0.003","J4GQm9j0JZ0","train"
"J4GQm9j0JZ0.005","J4GQm9j0JZ0","train"
"j5fXaXrNPoA.000","j5fXaXrNPoA","train"
"j5fXaXrNPoA.004","j5fXaXrNPoA","train"
"j5fXaXrNPoA.005","j5fXaXrNPoA","train"
"j6d-KRDXnUI.001","j6d-KRDXnUI","train"
"J6RHl6U6Jcw.000","J6RHl6U6Jcw","train"
"j7VLzb0qw8Q.001","j7VLzb0qw8Q","train"
"j7VLzb0qw8Q.004","j7VLzb0qw8Q","train"
"J8N2OCqM6N0.001","J8N2OCqM6N0","train"
"J8YpOUmN_aI.000","J8YpOUmN_aI","train"
"J8YpOUmN_aI.001","J8YpOUmN_aI","train"
"J8YpOUmN_aI.003","J8YpOUmN_aI","train"
"J8YpOUmN_aI.005","J8YpOUmN_aI","train"
"J9MfhPoJOaw.003","J9MfhPoJOaw","train"
"J9MfhPoJOaw.004","J9MfhPoJOaw","train"
"J9WyswA0vow.001","J9WyswA0vow","train"
"J9WyswA0vow.002","J9WyswA0vow","train"
"J9WyswA0vow.003","J9WyswA0vow","train"
"jaWY130zc1U.001","jaWY130zc1U","train"
"JBdLI6AhJrw.000","JBdLI6AhJrw","train"
"JBdLI6AhJrw.001","JBdLI6AhJrw","train"
"JBdLI6AhJrw.002","JBdLI6AhJrw","train"
"JBiq9X_-r84.000","JBiq9X_-r84","train"
"JBiq9X_-r84.002","JBiq9X_-r84","train"
"JBiq9X_-r84.004","JBiq9X_-r84","train"
"JbXgnjVWEoM.002","JbXgnjVWEoM","train"
"JciLbidX1Q8.003","JciLbidX1Q8","train"
"JcNmLCtlKok.001","JcNmLCtlKok","train"
"Jcw9NZkMn6I.004","Jcw9NZkMn6I","train"
"jDdRrqRcSzM.000","jDdRrqRcSzM","train"
"jDdRrqRcSzM.001","jDdRrqRcSzM","train"
"jDdRrqRcSzM.002","jDdRrqRcSzM","train"
"jdli4DDP7XM.003","jdli4DDP7XM","train"
"jdli4DDP7XM.004","jdli4DDP7XM","train"
"jdli4DDP7XM.005","jdli4DDP7XM","train"
"JEhC58vobs4.001","JEhC58vobs4","train"
"JEualxMkaE4.002","JEualxMkaE4","train"
"JEualxMkaE4.003","JEualxMkaE4","train"
"JEualxMkaE4.004","JEualxMkaE4","train"
"Jf8lqSpAjZ8.001","Jf8lqSpAjZ8","train"
"Jf8lqSpAjZ8.002","Jf8lqSpAjZ8","train"
"Jf8lqSpAjZ8.004","Jf8lqSpAjZ8","train"
"JFKZEGDhcRs.000","JFKZEGDhcRs","train"
"JFKZEGDhcRs.001","JFKZEGDhcRs","train"
"JFKZEGDhcRs.002","JFKZEGDhcRs","train"
"JFKZEGDhcRs.003","JFKZEGDhcRs","train"
"JFKZEGDhcRs.004","JFKZEGDhcRs","train"
"JFKZEGDhcRs.005","JFKZEGDhcRs","train"
"jFx6AEw6viQ.002","jFx6AEw6viQ","train"
"jFx6AEw6viQ.004","jFx6AEw6viQ","train"
"jFx6AEw6viQ.005","jFx6AEw6viQ","train"
"jgyDXrhO3n4.000","jgyDXrhO3n4","train"
"jgyDXrhO3n4.003","jgyDXrhO3n4","train"
"Jh7Wk5fYeMk.001","Jh7Wk5fYeMk","train"
"Jh7Wk5fYeMk.002","Jh7Wk5fYeMk","train"
"JhdFmuwquHM.003","JhdFmuwquHM","train"
"Jhz5ssCKaug.001","Jhz5ssCKaug","train"
"Jhz5ssCKaug.002","Jhz5ssCKaug","train"
"Jhz5ssCKaug.003","Jhz5ssCKaug","train"
"JIR4aPcyrn8.000","JIR4aPcyrn8","train"
"JIR4aPcyrn8.001","JIR4aPcyrn8","train"
"JiXJeI5_jGM.000","JiXJeI5_jGM","train"
"JiXJeI5_jGM.002","JiXJeI5_jGM","train"
"JiXJeI5_jGM.003","JiXJeI5_jGM","train"
"JiXJeI5_jGM.005","JiXJeI5_jGM","train"
"JIYZTruMpiI.000","JIYZTruMpiI","train"
"JIYZTruMpiI.001","JIYZTruMpiI","train"
"JIYZTruMpiI.003","JIYZTruMpiI","train"
"JIYZTruMpiI.005","JIYZTruMpiI","train"
"jjFzwsootdM.000","jjFzwsootdM","train"
"jjFzwsootdM.004","jjFzwsootdM","train"
"JJs_HTelie4.002","JJs_HTelie4","train"
"JKDEEwxZwrw.001","JKDEEwxZwrw","train"
"JKDEEwxZwrw.005","JKDEEwxZwrw","train"
"jKHaHWuaU14.001","jKHaHWuaU14","train"
"jlDYn537Pd0.001","jlDYn537Pd0","train"
"jlDYn537Pd0.002","jlDYn537Pd0","train"
"jlDYn537Pd0.004","jlDYn537Pd0","train"
"jlHKgXrxCu8.000","jlHKgXrxCu8","train"
"jlHKgXrxCu8.004","jlHKgXrxCu8","train"
"JlMPF03b8SM.001","JlMPF03b8SM","train"
"JmAQlC-FEV8.003","JmAQlC-FEV8","train"
"jmbAPNTJ3Vk.002","jmbAPNTJ3Vk","train"
"jmbAPNTJ3Vk.003","jmbAPNTJ3Vk","train"
"jmbAPNTJ3Vk.005","jmbAPNTJ3Vk","train"
"JN_LH6fs868.005","JN_LH6fs868","train"
"Jn76eAPxjNA.002","Jn76eAPxjNA","train"
"Jn76eAPxjNA.003","Jn76eAPxjNA","train"
"Jn76eAPxjNA.005","Jn76eAPxjNA","train"
"jnEHHvlBgxE.002","jnEHHvlBgxE","train"
"JO44XCaQGVY.000","JO44XCaQGVY","train"
"JO44XCaQGVY.003","JO44XCaQGVY","train"
"JO44XCaQGVY.004","JO44XCaQGVY","train"
"Jog1-pYOSD0.000","Jog1-pYOSD0","train"
"Jog1-pYOSD0.001","Jog1-pYOSD0","train"
"Jog1-pYOSD0.002","Jog1-pYOSD0","train"
"Jog1-pYOSD0.003","Jog1-pYOSD0","train"
"Jog1-pYOSD0.005","Jog1-pYOSD0","train"
"jolhoLhAurM.001","jolhoLhAurM","train"
"jolhoLhAurM.002","jolhoLhAurM","train"
"jolhoLhAurM.004","jolhoLhAurM","train"
"jolhoLhAurM.005","jolhoLhAurM","train"
"joOfhNyKRjE.004","joOfhNyKRjE","train"
"JoQRNgGQCgY.000","JoQRNgGQCgY","train"
"JoQRNgGQCgY.002","JoQRNgGQCgY","train"
"JoQRNgGQCgY.003","JoQRNgGQCgY","train"
"JoQRNgGQCgY.004","JoQRNgGQCgY","train"
"jOTlJwOBSd4.002","jOTlJwOBSd4","train"
"jOTlJwOBSd4.003","jOTlJwOBSd4","train"
"jOTlJwOBSd4.004","jOTlJwOBSd4","train"
"jOTlJwOBSd4.005","jOTlJwOBSd4","train"
"jpbz8CA4RvI.000","jpbz8CA4RvI","train"
"jpbz8CA4RvI.004","jpbz8CA4RvI","train"
"Jp-Hu7yxqR8.000","Jp-Hu7yxqR8","train"
"jPpZkVzQywk.000","jPpZkVzQywk","train"
"jPpZkVzQywk.001","jPpZkVzQywk","train"
"jPpZkVzQywk.003","jPpZkVzQywk","train"
"jpPZVmzleAo.001","jpPZVmzleAo","train"
"jpPZVmzleAo.002","jpPZVmzleAo","train"
"jpRnHWTLDUs.003","jpRnHWTLDUs","train"
"jpRnHWTLDUs.005","jpRnHWTLDUs","train"
"jpyU48DzGTY.001","jpyU48DzGTY","train"
"jpyU48DzGTY.002","jpyU48DzGTY","train"
"jpyU48DzGTY.004","jpyU48DzGTY","train"
"jpyU48DzGTY.005","jpyU48DzGTY","train"
"jq1dLOVUQJA.000","jq1dLOVUQJA","train"
"jQRFHBVs0dA.004","jQRFHBVs0dA","train"
"jQRFHBVs0dA.005","jQRFHBVs0dA","train"
"Jr6GmDtvTK0.000","Jr6GmDtvTK0","train"
"jrhvXPaXo-0.000","jrhvXPaXo-0","train"
"jSw-grsJCnE.000","jSw-grsJCnE","train"
"jSw-grsJCnE.003","jSw-grsJCnE","train"
"jTkEWnuDnbA.001","jTkEWnuDnbA","train"
"jTkEWnuDnbA.002","jTkEWnuDnbA","train"
"jTkEWnuDnbA.004","jTkEWnuDnbA","train"
"JTmq4k4uQCY.000","JTmq4k4uQCY","train"
"JTmq4k4uQCY.001","JTmq4k4uQCY","train"
"JTmq4k4uQCY.002","JTmq4k4uQCY","train"
"JTmq4k4uQCY.003","JTmq4k4uQCY","train"
"ju7N5w4XZ4A.000","ju7N5w4XZ4A","train"
"ju7N5w4XZ4A.002","ju7N5w4XZ4A","train"
"jub-AHFTH_g.000","jub-AHFTH_g","train"
"Jv2lyDcOmEM.001","Jv2lyDcOmEM","train"
"Jv2lyDcOmEM.002","Jv2lyDcOmEM","train"
"Jv2lyDcOmEM.003","Jv2lyDcOmEM","train"
"Jv2lyDcOmEM.004","Jv2lyDcOmEM","train"
"Jv2lyDcOmEM.005","Jv2lyDcOmEM","train"
"jVGTEDAYWZ8.001","jVGTEDAYWZ8","train"
"jVGTEDAYWZ8.003","jVGTEDAYWZ8","train"
"jvHDFrgu9PA.005","jvHDFrgu9PA","train"
"JVzG-zy9CO0.004","JVzG-zy9CO0","train"
"jwbHWwySJW8.004","jwbHWwySJW8","train"
"jwcSbw4NDn0.002","jwcSbw4NDn0","train"
"jwcSbw4NDn0.004","jwcSbw4NDn0","train"
"jwcSbw4NDn0.005","jwcSbw4NDn0","train"
"jwPTGuWAnSI.004","jwPTGuWAnSI","train"
"jxoOEkSq0uM.001","jxoOEkSq0uM","train"
"jxt1W2WRNHQ.000","jxt1W2WRNHQ","train"
"jxt1W2WRNHQ.002","jxt1W2WRNHQ","train"
"jxt1W2WRNHQ.003","jxt1W2WRNHQ","train"
"jxt1W2WRNHQ.004","jxt1W2WRNHQ","train"
"jxt1W2WRNHQ.005","jxt1W2WRNHQ","train"
"j-XUQ3Rmq6w.001","j-XUQ3Rmq6w","train"
"j-XUQ3Rmq6w.002","j-XUQ3Rmq6w","train"
"j-XUQ3Rmq6w.003","j-XUQ3Rmq6w","train"
"j-XUQ3Rmq6w.004","j-XUQ3Rmq6w","train"
"j-XUQ3Rmq6w.005","j-XUQ3Rmq6w","train"
"JxxF9y61ujA.000","JxxF9y61ujA","train"
"JxxF9y61ujA.003","JxxF9y61ujA","train"
"JxxF9y61ujA.004","JxxF9y61ujA","train"
"JxxF9y61ujA.005","JxxF9y61ujA","train"
"jz9kgvYbBYA.003","jz9kgvYbBYA","train"
"jz9kgvYbBYA.005","jz9kgvYbBYA","train"
"jZDlFzVUZwY.001","jZDlFzVUZwY","train"
"jZDlFzVUZwY.002","jZDlFzVUZwY","train"
"jZDlFzVUZwY.003","jZDlFzVUZwY","train"
"jZDlFzVUZwY.005","jZDlFzVUZwY","train"
"jZhlaIUFMLc.000","jZhlaIUFMLc","train"
"jZhlaIUFMLc.001","jZhlaIUFMLc","train"
"jZhlaIUFMLc.003","jZhlaIUFMLc","train"
"jZhlaIUFMLc.004","jZhlaIUFMLc","train"
"jZhlaIUFMLc.005","jZhlaIUFMLc","train"
"jZl3Rq1MRQg.000","jZl3Rq1MRQg","train"
"jZl3Rq1MRQg.003","jZl3Rq1MRQg","train"
"JZNMxa3OKHY.005","JZNMxa3OKHY","train"
"JzXnxQDnwWE.002","JzXnxQDnwWE","train"
"k1eXxMAfnIY.005","k1eXxMAfnIY","train"
"k2buv6xZ4_o.000","k2buv6xZ4_o","train"
"k2buv6xZ4_o.001","k2buv6xZ4_o","train"
"k2buv6xZ4_o.003","k2buv6xZ4_o","train"
"k2buv6xZ4_o.004","k2buv6xZ4_o","train"
"k2buv6xZ4_o.005","k2buv6xZ4_o","train"
"k3iu-fhIkeI.000","k3iu-fhIkeI","train"
"k3iu-fhIkeI.002","k3iu-fhIkeI","train"
"k3iu-fhIkeI.003","k3iu-fhIkeI","train"
"K3-YXXLR0Ho.000","K3-YXXLR0Ho","train"
"k4eeYoHtnnI.000","k4eeYoHtnnI","train"
"k4eeYoHtnnI.001","k4eeYoHtnnI","train"
"k4eeYoHtnnI.004","k4eeYoHtnnI","train"
"k4QmzZuQl9s.003","k4QmzZuQl9s","train"
"k4QmzZuQl9s.004","k4QmzZuQl9s","train"
"K4UcCvZOxWo.001","K4UcCvZOxWo","train"
"K4UcCvZOxWo.004","K4UcCvZOxWo","train"
"K5WDz2jxtuI.000","K5WDz2jxtuI","train"
"K63T9l1xY7U.000","K63T9l1xY7U","train"
"K63T9l1xY7U.001","K63T9l1xY7U","train"
"K63T9l1xY7U.003","K63T9l1xY7U","train"
"K7vBdKrcFKo.001","K7vBdKrcFKo","train"
"k99PI3FGEj0.000","k99PI3FGEj0","train"
"K9h_wA30XgM.002","K9h_wA30XgM","train"
"K9U_Z8GdGRo.001","K9U_Z8GdGRo","train"
"K9U_Z8GdGRo.005","K9U_Z8GdGRo","train"
"K9ZTOb6PbfQ.000","K9ZTOb6PbfQ","train"
"K9ZTOb6PbfQ.004","K9ZTOb6PbfQ","train"
"kAbMWBsPKR4.000","kAbMWBsPKR4","train"
"kAbMWBsPKR4.002","kAbMWBsPKR4","train"
"KAGTaM0Z9tA.001","KAGTaM0Z9tA","train"
"KAGTaM0Z9tA.004","KAGTaM0Z9tA","train"
"KAGTaM0Z9tA.005","KAGTaM0Z9tA","train"
"KahSwziq8F0.000","KahSwziq8F0","train"
"KahSwziq8F0.001","KahSwziq8F0","train"
"KahSwziq8F0.002","KahSwziq8F0","train"
"KahSwziq8F0.003","KahSwziq8F0","train"
"KahSwziq8F0.004","KahSwziq8F0","train"
"kAjPHyfol4w.001","kAjPHyfol4w","train"
"kAjPHyfol4w.004","kAjPHyfol4w","train"
"kAjvzIWWrWA.002","kAjvzIWWrWA","train"
"kAjvzIWWrWA.003","kAjvzIWWrWA","train"
"kAjvzIWWrWA.005","kAjvzIWWrWA","train"
"kare8QF7vrE.000","kare8QF7vrE","train"
"KB09jENVJ_0.002","KB09jENVJ_0","train"
"KB09jENVJ_0.004","KB09jENVJ_0","train"
"Kbcvurfuvhk.000","Kbcvurfuvhk","train"
"Kbcvurfuvhk.002","Kbcvurfuvhk","train"
"Kbcvurfuvhk.004","Kbcvurfuvhk","train"
"kcHvO5ins50.002","kcHvO5ins50","train"
"kcHvO5ins50.003","kcHvO5ins50","train"
"KD9rExmTXcE.005","KD9rExmTXcE","train"
"kDInh1O8p5w.005","kDInh1O8p5w","train"
"kDJigDGDJTo.000","kDJigDGDJTo","train"
"kDJigDGDJTo.001","kDJigDGDJTo","train"
"kDJigDGDJTo.003","kDJigDGDJTo","train"
"kDJigDGDJTo.005","kDJigDGDJTo","train"
"KdMiQUWNByk.001","KdMiQUWNByk","train"
"kDP6_hiBR0o.002","kDP6_hiBR0o","train"
"kDP6_hiBR0o.003","kDP6_hiBR0o","train"
"kDP6_hiBR0o.005","kDP6_hiBR0o","train"
"kdPRPO3wgg0.000","kdPRPO3wgg0","train"
"kdPRPO3wgg0.001","kdPRPO3wgg0","train"
"kdPRPO3wgg0.004","kdPRPO3wgg0","train"
"KDwpjQiIfjY.000","KDwpjQiIfjY","train"
"KDwpjQiIfjY.003","KDwpjQiIfjY","train"
"KDwpjQiIfjY.005","KDwpjQiIfjY","train"
"kDXYolv-8p8.000","kDXYolv-8p8","train"
"kDXYolv-8p8.002","kDXYolv-8p8","train"
"kDXYolv-8p8.003","kDXYolv-8p8","train"
"kDXYolv-8p8.005","kDXYolv-8p8","train"
"keGXYAcUXmA.001","keGXYAcUXmA","train"
"keGXYAcUXmA.002","keGXYAcUXmA","train"
"keGXYAcUXmA.005","keGXYAcUXmA","train"
"keW8-eSiQ70.003","keW8-eSiQ70","train"
"kFak4VnRnRM.001","kFak4VnRnRM","train"
"kFak4VnRnRM.004","kFak4VnRnRM","train"
"kFak4VnRnRM.005","kFak4VnRnRM","train"
"K-fMyzPB7FI.005","K-fMyzPB7FI","train"
"KfurkMyjD-c.001","KfurkMyjD-c","train"
"KfurkMyjD-c.002","KfurkMyjD-c","train"
"KfurkMyjD-c.003","KfurkMyjD-c","train"
"KfurkMyjD-c.004","KfurkMyjD-c","train"
"Kga18VO9VwY.000","Kga18VO9VwY","train"
"Kga18VO9VwY.002","Kga18VO9VwY","train"
"KGRUaRe3r7I.001","KGRUaRe3r7I","train"
"KGRUaRe3r7I.002","KGRUaRe3r7I","train"
"KGRUaRe3r7I.005","KGRUaRe3r7I","train"
"khCsAN1Bk_I.000","khCsAN1Bk_I","train"
"khCsAN1Bk_I.001","khCsAN1Bk_I","train"
"khCsAN1Bk_I.002","khCsAN1Bk_I","train"
"kHK5PkwJS7Y.003","kHK5PkwJS7Y","train"
"KhMsmtSC5Lg.000","KhMsmtSC5Lg","train"
"KhMsmtSC5Lg.001","KhMsmtSC5Lg","train"
"KhMsmtSC5Lg.005","KhMsmtSC5Lg","train"
"KHQJhOzdrYo.002","KHQJhOzdrYo","train"
"KHQJhOzdrYo.003","KHQJhOzdrYo","train"
"KHQJhOzdrYo.004","KHQJhOzdrYo","train"
"KIhpjwf5uAA.000","KIhpjwf5uAA","train"
"KIhpjwf5uAA.001","KIhpjwf5uAA","train"
"KIhpjwf5uAA.002","KIhpjwf5uAA","train"
"KIhpjwf5uAA.003","KIhpjwf5uAA","train"
"KIJ9IYETe38.001","KIJ9IYETe38","train"
"KIJ9IYETe38.002","KIJ9IYETe38","train"
"KIJ9IYETe38.003","KIJ9IYETe38","train"
"KiM9P_FJVHg.004","KiM9P_FJVHg","train"
"KiM9P_FJVHg.005","KiM9P_FJVHg","train"
"K-iwJMxjyx4.000","K-iwJMxjyx4","train"
"K-iwJMxjyx4.001","K-iwJMxjyx4","train"
"K-iwJMxjyx4.003","K-iwJMxjyx4","train"
"K-iwJMxjyx4.004","K-iwJMxjyx4","train"
"K-iwJMxjyx4.005","K-iwJMxjyx4","train"
"KJ643kfjqLY.001","KJ643kfjqLY","train"
"KJ643kfjqLY.002","KJ643kfjqLY","train"
"KJ643kfjqLY.003","KJ643kfjqLY","train"
"kJLeYUobR0M.001","kJLeYUobR0M","train"
"KJP4SKS2vtY.000","KJP4SKS2vtY","train"
"KJP4SKS2vtY.003","KJP4SKS2vtY","train"
"kK4QL7pOrhs.002","kK4QL7pOrhs","train"
"kK4QL7pOrhs.003","kK4QL7pOrhs","train"
"kK534gUcRF4.004","kK534gUcRF4","train"
"kKRc2aXzQyM.002","kKRc2aXzQyM","train"
"kKRc2aXzQyM.004","kKRc2aXzQyM","train"
"kL-CeaXG9jM.000","kL-CeaXG9jM","train"
"kL-CeaXG9jM.001","kL-CeaXG9jM","train"
"kL-CeaXG9jM.002","kL-CeaXG9jM","train"
"kL-CeaXG9jM.004","kL-CeaXG9jM","train"
"KLY518hfGhU.000","KLY518hfGhU","train"
"KLY518hfGhU.001","KLY518hfGhU","train"
"KLY518hfGhU.004","KLY518hfGhU","train"
"KLY518hfGhU.005","KLY518hfGhU","train"
"KM6Nc_VipyQ.001","KM6Nc_VipyQ","train"
"KM6Nc_VipyQ.005","KM6Nc_VipyQ","train"
"KmHe8urs3LI.002","KmHe8urs3LI","train"
"KmHe8urs3LI.003","KmHe8urs3LI","train"
"KmHe8urs3LI.005","KmHe8urs3LI","train"
"Kmrd1MsZKmQ.000","Kmrd1MsZKmQ","train"
"Kmrd1MsZKmQ.001","Kmrd1MsZKmQ","train"
"Kmrd1MsZKmQ.002","Kmrd1MsZKmQ","train"
"Kmrd1MsZKmQ.003","Kmrd1MsZKmQ","train"
"kmV6Qtv0amA.001","kmV6Qtv0amA","train"
"kmV6Qtv0amA.003","kmV6Qtv0amA","train"
"kmV6Qtv0amA.005","kmV6Qtv0amA","train"
"kN_bFMVnfzY.001","kN_bFMVnfzY","train"
"kn6I8LdQFN0.004","kn6I8LdQFN0","train"
"kN9cs2nFhM4.002","kN9cs2nFhM4","train"
"kN9cs2nFhM4.003","kN9cs2nFhM4","train"
"kN9cs2nFhM4.004","kN9cs2nFhM4","train"
"kN9cs2nFhM4.005","kN9cs2nFhM4","train"
"KnbEca4Ibwk.000","KnbEca4Ibwk","train"
"KnbEca4Ibwk.002","KnbEca4Ibwk","train"
"KnbEca4Ibwk.005","KnbEca4Ibwk","train"
"knK0zyX8bS4.004","knK0zyX8bS4","train"
"KNOHhnRMpSw.000","KNOHhnRMpSw","train"
"KNOHhnRMpSw.001","KNOHhnRMpSw","train"
"KNOHhnRMpSw.002","KNOHhnRMpSw","train"
"KNOHhnRMpSw.003","KNOHhnRMpSw","train"
"KNOHhnRMpSw.005","KNOHhnRMpSw","train"
"knpgk7LAMb0.000","knpgk7LAMb0","train"
"knpgk7LAMb0.002","knpgk7LAMb0","train"
"knpgk7LAMb0.005","knpgk7LAMb0","train"
"KO7ZGXwPu-Y.000","KO7ZGXwPu-Y","train"
"KO7ZGXwPu-Y.002","KO7ZGXwPu-Y","train"
"kp3c66Igyr8.001","kp3c66Igyr8","train"
"kp3c66Igyr8.002","kp3c66Igyr8","train"
"kp3c66Igyr8.004","kp3c66Igyr8","train"
"kp3c66Igyr8.005","kp3c66Igyr8","train"
"kPife9TY9Pw.000","kPife9TY9Pw","train"
"kPJzHs5jclg.001","kPJzHs5jclg","train"
"KppCIwj0hC4.000","KppCIwj0hC4","train"
"KppCIwj0hC4.002","KppCIwj0hC4","train"
"KppCIwj0hC4.004","KppCIwj0hC4","train"
"kppgmuWEv-A.000","kppgmuWEv-A","train"
"kppgmuWEv-A.001","kppgmuWEv-A","train"
"kppgmuWEv-A.003","kppgmuWEv-A","train"
"kppgmuWEv-A.004","kppgmuWEv-A","train"
"kppgmuWEv-A.005","kppgmuWEv-A","train"
"KpTHRBaYny8.001","KpTHRBaYny8","train"
"KpTHRBaYny8.005","KpTHRBaYny8","train"
"Kpto8K_B-5A.002","Kpto8K_B-5A","train"
"Kpto8K_B-5A.004","Kpto8K_B-5A","train"
"Kpto8K_B-5A.005","Kpto8K_B-5A","train"
"kPXVZD3ac8s.005","kPXVZD3ac8s","train"
"kQ8HhrysfaA.003","kQ8HhrysfaA","train"
"kQ8HhrysfaA.005","kQ8HhrysfaA","train"
"Kq-c6lqGNlo.000","Kq-c6lqGNlo","train"
"Kq-c6lqGNlo.001","Kq-c6lqGNlo","train"
"Kq-c6lqGNlo.002","Kq-c6lqGNlo","train"
"Kq-c6lqGNlo.004","Kq-c6lqGNlo","train"
"Kq-c6lqGNlo.005","Kq-c6lqGNlo","train"
"KRo-x2uoHUg.003","KRo-x2uoHUg","train"
"krTAAqQ8_A8.005","krTAAqQ8_A8","train"
"ksCoS_ghDfM.000","ksCoS_ghDfM","train"
"ksCoS_ghDfM.002","ksCoS_ghDfM","train"
"kSk-rf7a1Ig.000","kSk-rf7a1Ig","train"
"kSk-rf7a1Ig.001","kSk-rf7a1Ig","train"
"kSk-rf7a1Ig.003","kSk-rf7a1Ig","train"
"KsToJAKi7xQ.000","KsToJAKi7xQ","train"
"KTdbKiGFzJY.000","KTdbKiGFzJY","train"
"KTdbKiGFzJY.003","KTdbKiGFzJY","train"
"KtY6C83o2rs.004","KtY6C83o2rs","train"
"KtY6C83o2rs.005","KtY6C83o2rs","train"
"kUpkeJDcxaE.000","kUpkeJDcxaE","train"
"kUpkeJDcxaE.002","kUpkeJDcxaE","train"
"kUpkeJDcxaE.003","kUpkeJDcxaE","train"
"kUv0BJQmKq0.000","kUv0BJQmKq0","train"
"kUv0BJQmKq0.001","kUv0BJQmKq0","train"
"kUv0BJQmKq0.002","kUv0BJQmKq0","train"
"kUv0BJQmKq0.003","kUv0BJQmKq0","train"
"Kv0kZgqZEM0.003","Kv0kZgqZEM0","train"
"Kv0kZgqZEM0.004","Kv0kZgqZEM0","train"
"kV7MFI2_ddo.000","kV7MFI2_ddo","train"
"kV7MFI2_ddo.002","kV7MFI2_ddo","train"
"kV7MFI2_ddo.005","kV7MFI2_ddo","train"
"KVepk_9iPEU.002","KVepk_9iPEU","train"
"kwcpINU9LLk.001","kwcpINU9LLk","train"
"kwcpINU9LLk.004","kwcpINU9LLk","train"
"kxlqIrk0WnY.002","kxlqIrk0WnY","train"
"kX-o1qmgWvc.002","kX-o1qmgWvc","train"
"kX-o1qmgWvc.004","kX-o1qmgWvc","train"
"KXUERmhPyr8.002","KXUERmhPyr8","train"
"KXUERmhPyr8.004","KXUERmhPyr8","train"
"KXUERmhPyr8.005","KXUERmhPyr8","train"
"kY_4WyAXxrQ.000","kY_4WyAXxrQ","train"
"kY_4WyAXxrQ.003","kY_4WyAXxrQ","train"
"kY_4WyAXxrQ.004","kY_4WyAXxrQ","train"
"KYkfjIZEScM.005","KYkfjIZEScM","train"
"kyq-X4IFMtw.001","kyq-X4IFMtw","train"
"KYvbRwTCtaU.000","KYvbRwTCtaU","train"
"KYvbRwTCtaU.001","KYvbRwTCtaU","train"
"KYvbRwTCtaU.002","KYvbRwTCtaU","train"
"KYvbRwTCtaU.003","KYvbRwTCtaU","train"
"KYvbRwTCtaU.005","KYvbRwTCtaU","train"
"KYvMsMLNGvY.005","KYvMsMLNGvY","train"
"K-Z_mLE8nlo.004","K-Z_mLE8nlo","train"
"kzDQXSGGomg.002","kzDQXSGGomg","train"
"kzDQXSGGomg.004","kzDQXSGGomg","train"
"kzDQXSGGomg.005","kzDQXSGGomg","train"
"L_gmlaz-0s4.001","L_gmlaz-0s4","train"
"L_gmlaz-0s4.003","L_gmlaz-0s4","train"
"L_gmlaz-0s4.005","L_gmlaz-0s4","train"
"l0qApUuiDjo.005","l0qApUuiDjo","train"
"l1L61qbiV2U.001","l1L61qbiV2U","train"
"l1V-DuJ-WgU.000","l1V-DuJ-WgU","train"
"l1V-DuJ-WgU.002","l1V-DuJ-WgU","train"
"l1V-DuJ-WgU.004","l1V-DuJ-WgU","train"
"l2YS_qsF7SQ.004","l2YS_qsF7SQ","train"
"l3IoZ_QmOQo.001","l3IoZ_QmOQo","train"
"l3IoZ_QmOQo.004","l3IoZ_QmOQo","train"
"l3MXBCviqE8.004","l3MXBCviqE8","train"
"l3RE0rN7oEg.001","l3RE0rN7oEg","train"
"l3RE0rN7oEg.003","l3RE0rN7oEg","train"
"L4Jlm0vGsvc.000","L4Jlm0vGsvc","train"
"L4Jlm0vGsvc.002","L4Jlm0vGsvc","train"
"L4Jlm0vGsvc.004","L4Jlm0vGsvc","train"
"L5kpy0SA7os.000","L5kpy0SA7os","train"
"L5kpy0SA7os.003","L5kpy0SA7os","train"
"L5kpy0SA7os.005","L5kpy0SA7os","train"
"L5PkZA1ErYY.002","L5PkZA1ErYY","train"
"L5PkZA1ErYY.005","L5PkZA1ErYY","train"
"L7HDCG2PsII.001","L7HDCG2PsII","train"
"L7HDCG2PsII.003","L7HDCG2PsII","train"
"l7U3YDIOE_s.000","l7U3YDIOE_s","train"
"l7U3YDIOE_s.003","l7U3YDIOE_s","train"
"l8weBJSCHbA.000","l8weBJSCHbA","train"
"l8weBJSCHbA.001","l8weBJSCHbA","train"
"l8weBJSCHbA.002","l8weBJSCHbA","train"
"l8weBJSCHbA.003","l8weBJSCHbA","train"
"l8weBJSCHbA.005","l8weBJSCHbA","train"
"L9sG80PI1Gw.003","L9sG80PI1Gw","train"
"lAJWoIcgXlU.000","lAJWoIcgXlU","train"
"lAJWoIcgXlU.001","lAJWoIcgXlU","train"
"laPGbkC87us.004","laPGbkC87us","train"
"LaxnVuOM6kE.002","LaxnVuOM6kE","train"
"lAy2z5PN80E.000","lAy2z5PN80E","train"
"lAy2z5PN80E.001","lAy2z5PN80E","train"
"LBKbubsgpE8.001","LBKbubsgpE8","train"
"LBKbubsgpE8.003","LBKbubsgpE8","train"
"LBrmHHzyIiY.000","LBrmHHzyIiY","train"
"LBrmHHzyIiY.001","LBrmHHzyIiY","train"
"LBrmHHzyIiY.002","LBrmHHzyIiY","train"
"LBrmHHzyIiY.003","LBrmHHzyIiY","train"
"L-C1blPD_ec.000","L-C1blPD_ec","train"
"L-C1blPD_ec.001","L-C1blPD_ec","train"
"L-C1blPD_ec.004","L-C1blPD_ec","train"
"L-C1blPD_ec.005","L-C1blPD_ec","train"
"LCafv-LfC3Y.000","LCafv-LfC3Y","train"
"LCafv-LfC3Y.001","LCafv-LfC3Y","train"
"LCafv-LfC3Y.003","LCafv-LfC3Y","train"
"LCafv-LfC3Y.004","LCafv-LfC3Y","train"
"lCWWjATDrRM.003","lCWWjATDrRM","train"
"ld7mBR4v3yU.001","ld7mBR4v3yU","train"
"ld7mBR4v3yU.002","ld7mBR4v3yU","train"
"ldq15dfuaLg.001","ldq15dfuaLg","train"
"LeQKH1vAVpg.001","LeQKH1vAVpg","train"
"LeQKH1vAVpg.003","LeQKH1vAVpg","train"
"LeQKH1vAVpg.004","LeQKH1vAVpg","train"
"LeQKH1vAVpg.005","LeQKH1vAVpg","train"
"lErjGxBb1Bk.002","lErjGxBb1Bk","train"
"lErjGxBb1Bk.004","lErjGxBb1Bk","train"
"leslBYwG8kc.002","leslBYwG8kc","train"
"LeuT6NgJ6N8.004","LeuT6NgJ6N8","train"
"LfvTKoMYLEE.004","LfvTKoMYLEE","train"
"LGdzP-r_G3U.001","LGdzP-r_G3U","train"
"LGdzP-r_G3U.004","LGdzP-r_G3U","train"
"LGdzP-r_G3U.005","LGdzP-r_G3U","train"
"LGgx7RVdL2Y.000","LGgx7RVdL2Y","train"
"LGgx7RVdL2Y.002","LGgx7RVdL2Y","train"
"LGgx7RVdL2Y.004","LGgx7RVdL2Y","train"
"LGgx7RVdL2Y.005","LGgx7RVdL2Y","train"
"lGIHEaCvWEA.000","lGIHEaCvWEA","train"
"LglT6Gp5oQg.003","LglT6Gp5oQg","train"
"LGPm8ok6kVo.001","LGPm8ok6kVo","train"
"LHV4HNK35pM.001","LHV4HNK35pM","train"
"LHV4HNK35pM.005","LHV4HNK35pM","train"
"liRQoL7SsPw.001","liRQoL7SsPw","train"
"Lj1WuMXFa-4.001","Lj1WuMXFa-4","train"
"Lj1WuMXFa-4.002","Lj1WuMXFa-4","train"
"Lj1WuMXFa-4.004","Lj1WuMXFa-4","train"
"lK1HFH7j93c.000","lK1HFH7j93c","train"
"Lk6Ts7y4OPY.000","Lk6Ts7y4OPY","train"
"LKBoLbWHJYI.002","LKBoLbWHJYI","train"
"LKBoLbWHJYI.003","LKBoLbWHJYI","train"
"LKc69Et2Jg8.004","LKc69Et2Jg8","train"
"lkdQjIunxSE.000","lkdQjIunxSE","train"
"lkdQjIunxSE.002","lkdQjIunxSE","train"
"lkdQjIunxSE.003","lkdQjIunxSE","train"
"lKePJbjYiy0.000","lKePJbjYiy0","train"
"lKePJbjYiy0.002","lKePJbjYiy0","train"
"lkeXyB-3Gs0.001","lkeXyB-3Gs0","train"
"LKqN07ryM5I.001","LKqN07ryM5I","train"
"LKqN07ryM5I.004","LKqN07ryM5I","train"
"LKqO2BhfAvM.002","LKqO2BhfAvM","train"
"LKvxVEI8uVA.001","LKvxVEI8uVA","train"
"LKvxVEI8uVA.004","LKvxVEI8uVA","train"
"ll_chn4R32Y.000","ll_chn4R32Y","train"
"lLKwlPLdYig.000","lLKwlPLdYig","train"
"lLKwlPLdYig.001","lLKwlPLdYig","train"
"lLObIVKYDUI.000","lLObIVKYDUI","train"
"lLObIVKYDUI.004","lLObIVKYDUI","train"
"lLObIVKYDUI.005","lLObIVKYDUI","train"
"LLP-oZfo8oE.002","LLP-oZfo8oE","train"
"LLP-oZfo8oE.003","LLP-oZfo8oE","train"
"LLP-oZfo8oE.004","LLP-oZfo8oE","train"
"LLP-oZfo8oE.005","LLP-oZfo8oE","train"
"lLWOcztaIBI.000","lLWOcztaIBI","train"
"lLWOcztaIBI.001","lLWOcztaIBI","train"
"lLWOcztaIBI.002","lLWOcztaIBI","train"
"lLWOcztaIBI.003","lLWOcztaIBI","train"
"lLWOcztaIBI.004","lLWOcztaIBI","train"
"LmA23EIaXqg.000","LmA23EIaXqg","train"
"LmA23EIaXqg.001","LmA23EIaXqg","train"
"LmA23EIaXqg.003","LmA23EIaXqg","train"
"LmA23EIaXqg.005","LmA23EIaXqg","train"
"lmz3nj1VLzY.003","lmz3nj1VLzY","train"
"lnawWqnGpMc.000","lnawWqnGpMc","train"
"lnawWqnGpMc.002","lnawWqnGpMc","train"
"lnawWqnGpMc.004","lnawWqnGpMc","train"
"lnawWqnGpMc.005","lnawWqnGpMc","train"
"lNaZ4aJaiBU.000","lNaZ4aJaiBU","train"
"LNiiKncirQA.000","LNiiKncirQA","train"
"LNM1i-a9q_A.002","LNM1i-a9q_A","train"
"LNM1i-a9q_A.004","LNM1i-a9q_A","train"
"lNY0BdE4NqY.000","lNY0BdE4NqY","train"
"lNY0BdE4NqY.004","lNY0BdE4NqY","train"
"LP5N5uPfTdA.004","LP5N5uPfTdA","train"
"LP5N5uPfTdA.005","LP5N5uPfTdA","train"
"Lq4uvcHNiy8.000","Lq4uvcHNiy8","train"
"Lq4uvcHNiy8.001","Lq4uvcHNiy8","train"
"Lq4uvcHNiy8.002","Lq4uvcHNiy8","train"
"Lq4uvcHNiy8.003","Lq4uvcHNiy8","train"
"LqtBNNM2jIw.004","LqtBNNM2jIw","train"
"LRczShwIVbM.004","LRczShwIVbM","train"
"LRczShwIVbM.005","LRczShwIVbM","train"
"L-rmZZP_wj8.003","L-rmZZP_wj8","train"
"L-rmZZP_wj8.004","L-rmZZP_wj8","train"
"LRU4jLhKaak.003","LRU4jLhKaak","train"
"LsPKxJgefks.003","LsPKxJgefks","train"
"LsPKxJgefks.004","LsPKxJgefks","train"
"LsqAIHhFpLE.002","LsqAIHhFpLE","train"
"LSqijVxP0EM.000","LSqijVxP0EM","train"
"LSqijVxP0EM.001","LSqijVxP0EM","train"
"LSqijVxP0EM.002","LSqijVxP0EM","train"
"LSqijVxP0EM.004","LSqijVxP0EM","train"
"lsVwEApsljU.003","lsVwEApsljU","train"
"lsVwEApsljU.005","lsVwEApsljU","train"
"lsXw8u4QXIU.001","lsXw8u4QXIU","train"
"Lt89YrQHF_w.002","Lt89YrQHF_w","train"
"Lt89YrQHF_w.004","Lt89YrQHF_w","train"
"Lt89YrQHF_w.005","Lt89YrQHF_w","train"
"LtBYojIGYEc.000","LtBYojIGYEc","train"
"LtBYojIGYEc.001","LtBYojIGYEc","train"
"LtBYojIGYEc.003","LtBYojIGYEc","train"
"Lu9UNCSpQZM.003","Lu9UNCSpQZM","train"
"Lu9UNCSpQZM.004","Lu9UNCSpQZM","train"
"luH2RoZW-eY.001","luH2RoZW-eY","train"
"luH2RoZW-eY.003","luH2RoZW-eY","train"
"LuLUAwn0aWU.000","LuLUAwn0aWU","train"
"LuLUAwn0aWU.001","LuLUAwn0aWU","train"
"LuLUAwn0aWU.002","LuLUAwn0aWU","train"
"LuLUAwn0aWU.003","LuLUAwn0aWU","train"
"LuLUAwn0aWU.004","LuLUAwn0aWU","train"
"LuLUAwn0aWU.005","LuLUAwn0aWU","train"
"lvae9lRUugE.000","lvae9lRUugE","train"
"lvae9lRUugE.003","lvae9lRUugE","train"
"lvae9lRUugE.004","lvae9lRUugE","train"
"lvae9lRUugE.005","lvae9lRUugE","train"
"LvpUVPQKWcQ.005","LvpUVPQKWcQ","train"
"l-WgXcGLdZk.002","l-WgXcGLdZk","train"
"l-WgXcGLdZk.003","l-WgXcGLdZk","train"
"l-WgXcGLdZk.004","l-WgXcGLdZk","train"
"l-WgXcGLdZk.005","l-WgXcGLdZk","train"
"LWO2ZhalAEY.004","LWO2ZhalAEY","train"
"LWO2ZhalAEY.005","LWO2ZhalAEY","train"
"LWylAwr9kJI.001","LWylAwr9kJI","train"
"LWylAwr9kJI.002","LWylAwr9kJI","train"
"LWylAwr9kJI.004","LWylAwr9kJI","train"
"lWz3uSk1qms.000","lWz3uSk1qms","train"
"lx6A8s_Ega8.000","lx6A8s_Ega8","train"
"lx6A8s_Ega8.003","lx6A8s_Ega8","train"
"LXmwDq89LdA.000","LXmwDq89LdA","train"
"LXmwDq89LdA.002","LXmwDq89LdA","train"
"LXmwDq89LdA.005","LXmwDq89LdA","train"
"lxnV9X8T2Zc.000","lxnV9X8T2Zc","train"
"lxnV9X8T2Zc.003","lxnV9X8T2Zc","train"
"lxnV9X8T2Zc.004","lxnV9X8T2Zc","train"
"ly_0m16694Q.000","ly_0m16694Q","train"
"ly_0m16694Q.003","ly_0m16694Q","train"
"lyznxF-Pj6g.001","lyznxF-Pj6g","train"
"lyZZSU1ziCQ.001","lyZZSU1ziCQ","train"
"lyZZSU1ziCQ.002","lyZZSU1ziCQ","train"
"lyZZSU1ziCQ.003","lyZZSU1ziCQ","train"
"lyZZSU1ziCQ.005","lyZZSU1ziCQ","train"
"Lz3hYPF6aIM.000","Lz3hYPF6aIM","train"
"Lz3hYPF6aIM.003","Lz3hYPF6aIM","train"
"Lz3hYPF6aIM.004","Lz3hYPF6aIM","train"
"Lz3hYPF6aIM.005","Lz3hYPF6aIM","train"
"Lz3suTodXQM.002","Lz3suTodXQM","train"
"Lz3suTodXQM.005","Lz3suTodXQM","train"
"LzT4m85N17o.002","LzT4m85N17o","train"
"m_2k0dL8CRM.001","m_2k0dL8CRM","train"
"m_9aygJNij8.004","m_9aygJNij8","train"
"M_OpMKBEOyU.000","M_OpMKBEOyU","train"
"M_OpMKBEOyU.001","M_OpMKBEOyU","train"
"M_OpMKBEOyU.002","M_OpMKBEOyU","train"
"M_OpMKBEOyU.003","M_OpMKBEOyU","train"
"M_OpMKBEOyU.004","M_OpMKBEOyU","train"
"m04e9ylCoK0.000","m04e9ylCoK0","train"
"m04e9ylCoK0.003","m04e9ylCoK0","train"
"m0iznoJi8hw.001","m0iznoJi8hw","train"
"m0iznoJi8hw.002","m0iznoJi8hw","train"
"m0iznoJi8hw.003","m0iznoJi8hw","train"
"M0O87_LiyMw.001","M0O87_LiyMw","train"
"M0O87_LiyMw.002","M0O87_LiyMw","train"
"M0O87_LiyMw.004","M0O87_LiyMw","train"
"M0O87_LiyMw.005","M0O87_LiyMw","train"
"m0tNIKbEwHE.003","m0tNIKbEwHE","train"
"m0tNIKbEwHE.004","m0tNIKbEwHE","train"
"M0U48Lm33A8.000","M0U48Lm33A8","train"
"M0U48Lm33A8.001","M0U48Lm33A8","train"
"M0U48Lm33A8.002","M0U48Lm33A8","train"
"M0U48Lm33A8.003","M0U48Lm33A8","train"
"M0U48Lm33A8.004","M0U48Lm33A8","train"
"M0U48Lm33A8.005","M0U48Lm33A8","train"
"M20gRMBy-4I.000","M20gRMBy-4I","train"
"m2uxFfpb5xU.001","m2uxFfpb5xU","train"
"m2uxFfpb5xU.005","m2uxFfpb5xU","train"
"M39PNQ8Omhc.001","M39PNQ8Omhc","train"
"M39PNQ8Omhc.005","M39PNQ8Omhc","train"
"m3z_a0l0FRk.000","m3z_a0l0FRk","train"
"m3z_a0l0FRk.002","m3z_a0l0FRk","train"
"m4KKYcD6CZw.002","m4KKYcD6CZw","train"
"m4KKYcD6CZw.003","m4KKYcD6CZw","train"
"m4-vvEeWP8s.000","m4-vvEeWP8s","train"
"m4-vvEeWP8s.001","m4-vvEeWP8s","train"
"m4-vvEeWP8s.002","m4-vvEeWP8s","train"
"m4ZmRZCv6VA.005","m4ZmRZCv6VA","train"
"M5_x5J-H2I0.001","M5_x5J-H2I0","train"
"M5_x5J-H2I0.003","M5_x5J-H2I0","train"
"m536hegSuKI.002","m536hegSuKI","train"
"m536hegSuKI.004","m536hegSuKI","train"
"M56UFrEgXnI.004","M56UFrEgXnI","train"
"m5kTITzj1bY.001","m5kTITzj1bY","train"
"m5kTITzj1bY.005","m5kTITzj1bY","train"
"m6JOFpKvkE0.001","m6JOFpKvkE0","train"
"m7zdWVDT-34.001","m7zdWVDT-34","train"
"m7zdWVDT-34.002","m7zdWVDT-34","train"
"m7zdWVDT-34.004","m7zdWVDT-34","train"
"m7zdWVDT-34.005","m7zdWVDT-34","train"
"M9nVAfSPOZ8.005","M9nVAfSPOZ8","train"
"maDObxiOQRo.000","maDObxiOQRo","train"
"maDObxiOQRo.003","maDObxiOQRo","train"
"MajYvFTkKnk.002","MajYvFTkKnk","train"
"MajYvFTkKnk.003","MajYvFTkKnk","train"
"MajYvFTkKnk.004","MajYvFTkKnk","train"
"MajYvFTkKnk.005","MajYvFTkKnk","train"
"mBdVuEXRlfQ.000","mBdVuEXRlfQ","train"
"mBdVuEXRlfQ.001","mBdVuEXRlfQ","train"
"MBgwyWKYWVM.002","MBgwyWKYWVM","train"
"mBJTwQsDC4M.002","mBJTwQsDC4M","train"
"mBJTwQsDC4M.003","mBJTwQsDC4M","train"
"MbufNmC0JL0.004","MbufNmC0JL0","train"
"MbunPsukPnQ.001","MbunPsukPnQ","train"
"MCr6FmFAhak.001","MCr6FmFAhak","train"
"MCr6FmFAhak.004","MCr6FmFAhak","train"
"mcxi2vtevb4.000","mcxi2vtevb4","train"
"MD9yyz-OSRs.002","MD9yyz-OSRs","train"
"MD9yyz-OSRs.004","MD9yyz-OSRs","train"
"MD9yyz-OSRs.005","MD9yyz-OSRs","train"
"MDoZUDTSayc.000","MDoZUDTSayc","train"
"MDoZUDTSayc.003","MDoZUDTSayc","train"
"me15sHPOjKo.002","me15sHPOjKo","train"
"me15sHPOjKo.005","me15sHPOjKo","train"
"Me22JENkhJA.000","Me22JENkhJA","train"
"Me22JENkhJA.005","Me22JENkhJA","train"
"me5UoRny6NU.005","me5UoRny6NU","train"
"ME6JLtAM160.001","ME6JLtAM160","train"
"mEQBB6XsJFk.001","mEQBB6XsJFk","train"
"mEQBB6XsJFk.005","mEQBB6XsJFk","train"
"merppcmY6y0.000","merppcmY6y0","train"
"merppcmY6y0.002","merppcmY6y0","train"
"merppcmY6y0.003","merppcmY6y0","train"
"merppcmY6y0.004","merppcmY6y0","train"
"mf0LqiLJYr0.001","mf0LqiLJYr0","train"
"MFGGMnNE6Q0.000","MFGGMnNE6Q0","train"
"MFGGMnNE6Q0.002","MFGGMnNE6Q0","train"
"mfGhtr0zy3k.001","mfGhtr0zy3k","train"
"mfGhtr0zy3k.002","mfGhtr0zy3k","train"
"mflgXFsGU9w.000","mflgXFsGU9w","train"
"mflgXFsGU9w.002","mflgXFsGU9w","train"
"mflgXFsGU9w.003","mflgXFsGU9w","train"
"mflgXFsGU9w.004","mflgXFsGU9w","train"
"mFz5Fbs97QA.002","mFz5Fbs97QA","train"
"mFz5Fbs97QA.003","mFz5Fbs97QA","train"
"mGWS0Akp08E.000","mGWS0Akp08E","train"
"mGWS0Akp08E.001","mGWS0Akp08E","train"
"mhF4kYTlVUE.000","mhF4kYTlVUE","train"
"mhF4kYTlVUE.001","mhF4kYTlVUE","train"
"mhF4kYTlVUE.002","mhF4kYTlVUE","train"
"mhF4kYTlVUE.003","mhF4kYTlVUE","train"
"mhF4kYTlVUE.004","mhF4kYTlVUE","train"
"mhvkJjOAjYI.004","mhvkJjOAjYI","train"
"mhvkJjOAjYI.005","mhvkJjOAjYI","train"
"MI_GQLbnoew.000","MI_GQLbnoew","train"
"MI_GQLbnoew.001","MI_GQLbnoew","train"
"mIcktEhNxRo.003","mIcktEhNxRo","train"
"mIQnQ8Nmj-c.001","mIQnQ8Nmj-c","train"
"mIQnQ8Nmj-c.005","mIQnQ8Nmj-c","train"
"mIxTz3tOgmQ.000","mIxTz3tOgmQ","train"
"MK7KveAeb6Y.000","MK7KveAeb6Y","train"
"MK7KveAeb6Y.002","MK7KveAeb6Y","train"
"MK7KveAeb6Y.004","MK7KveAeb6Y","train"
"mK8ebTJyrCI.002","mK8ebTJyrCI","train"
"mkJjaOADfj4.001","mkJjaOADfj4","train"
"mkJjaOADfj4.002","mkJjaOADfj4","train"
"mkJjaOADfj4.003","mkJjaOADfj4","train"
"mkJjaOADfj4.005","mkJjaOADfj4","train"
"mKsGK9nCTxw.000","mKsGK9nCTxw","train"
"mKsGK9nCTxw.001","mKsGK9nCTxw","train"
"MkVsl0hdphE.000","MkVsl0hdphE","train"
"MkVsl0hdphE.003","MkVsl0hdphE","train"
"mkWfG-4vvGc.000","mkWfG-4vvGc","train"
"mkWfG-4vvGc.003","mkWfG-4vvGc","train"
"mkWfG-4vvGc.004","mkWfG-4vvGc","train"
"mKWscEow1U8.000","mKWscEow1U8","train"
"mKWscEow1U8.002","mKWscEow1U8","train"
"MLCIfM5jYlI.000","MLCIfM5jYlI","train"
"mlsiYewUwO0.002","mlsiYewUwO0","train"
"mlsiYewUwO0.003","mlsiYewUwO0","train"
"mlsiYewUwO0.005","mlsiYewUwO0","train"
"mlXZQ8dO0nQ.004","mlXZQ8dO0nQ","train"
"mlXZQ8dO0nQ.005","mlXZQ8dO0nQ","train"
"mLZw7Hf8AYI.004","mLZw7Hf8AYI","train"
"mM6QbrCrdLo.000","mM6QbrCrdLo","train"
"mMNjlGNWsZA.001","mMNjlGNWsZA","train"
"mmTbHy5iftA.002","mmTbHy5iftA","train"
"MnARi5OWW9Q.000","MnARi5OWW9Q","train"
"MnARi5OWW9Q.002","MnARi5OWW9Q","train"
"mnRuiwFx_Z8.000","mnRuiwFx_Z8","train"
"mnRuiwFx_Z8.002","mnRuiwFx_Z8","train"
"mnRuiwFx_Z8.005","mnRuiwFx_Z8","train"
"modNfUPt3F4.000","modNfUPt3F4","train"
"modNfUPt3F4.005","modNfUPt3F4","train"
"MOobNUpfWiY.000","MOobNUpfWiY","train"
"MOobNUpfWiY.002","MOobNUpfWiY","train"
"MOobNUpfWiY.004","MOobNUpfWiY","train"
"MOobNUpfWiY.005","MOobNUpfWiY","train"
"MOXPVzRBDPo.002","MOXPVzRBDPo","train"
"MOXPVzRBDPo.004","MOXPVzRBDPo","train"
"mpk5Ubw2fj8.000","mpk5Ubw2fj8","train"
"mpk5Ubw2fj8.004","mpk5Ubw2fj8","train"
"mpXOSY5dW7c.000","mpXOSY5dW7c","train"
"mpXOSY5dW7c.002","mpXOSY5dW7c","train"
"mpXOSY5dW7c.004","mpXOSY5dW7c","train"
"mpXOSY5dW7c.005","mpXOSY5dW7c","train"
"mq9NNKmKYdk.000","mq9NNKmKYdk","train"
"mq9NNKmKYdk.003","mq9NNKmKYdk","train"
"mq9NNKmKYdk.004","mq9NNKmKYdk","train"
"mq9NNKmKYdk.005","mq9NNKmKYdk","train"
"mqDv8688ztg.004","mqDv8688ztg","train"
"mQpNe8f5xA8.003","mQpNe8f5xA8","train"
"mQTBqDY71dU.002","mQTBqDY71dU","train"
"MrfJ1qDJAwo.001","MrfJ1qDJAwo","train"
"MrfJ1qDJAwo.002","MrfJ1qDJAwo","train"
"MrfJ1qDJAwo.003","MrfJ1qDJAwo","train"
"MrfJ1qDJAwo.004","MrfJ1qDJAwo","train"
"MrfJ1qDJAwo.005","MrfJ1qDJAwo","train"
"mRfkHyx__4w.000","mRfkHyx__4w","train"
"mRKGI6hq4UU.003","mRKGI6hq4UU","train"
"mRKGI6hq4UU.004","mRKGI6hq4UU","train"
"MRquWhqw4Jw.000","MRquWhqw4Jw","train"
"MRquWhqw4Jw.004","MRquWhqw4Jw","train"
"MrYEK0nvnAo.001","MrYEK0nvnAo","train"
"MrYEK0nvnAo.002","MrYEK0nvnAo","train"
"MrYEK0nvnAo.003","MrYEK0nvnAo","train"
"M-SuraqmC9s.000","M-SuraqmC9s","train"
"MswJxdf-3Fc.002","MswJxdf-3Fc","train"
"MswJxdf-3Fc.005","MswJxdf-3Fc","train"
"MT3tOBpG5II.000","MT3tOBpG5II","train"
"MT3tOBpG5II.004","MT3tOBpG5II","train"
"-mt-IKgGhuY.004","-mt-IKgGhuY","train"
"muKwyr-hrkc.001","muKwyr-hrkc","train"
"muLgzV1gGao.001","muLgzV1gGao","train"
"muLgzV1gGao.004","muLgzV1gGao","train"
"muLgzV1gGao.005","muLgzV1gGao","train"
"MuYYY3XaJ7Q.002","MuYYY3XaJ7Q","train"
"MuYYY3XaJ7Q.003","MuYYY3XaJ7Q","train"
"MuYYY3XaJ7Q.004","MuYYY3XaJ7Q","train"
"MuYYY3XaJ7Q.005","MuYYY3XaJ7Q","train"
"MvWDky9ZaWU.000","MvWDky9ZaWU","train"
"MvWDky9ZaWU.003","MvWDky9ZaWU","train"
"MvWDky9ZaWU.005","MvWDky9ZaWU","train"
"MVwxnf6L8po.004","MVwxnf6L8po","train"
"mXaI17Dx7u0.000","mXaI17Dx7u0","train"
"mXaI17Dx7u0.001","mXaI17Dx7u0","train"
"mXaI17Dx7u0.003","mXaI17Dx7u0","train"
"mXgUV0o6a20.000","mXgUV0o6a20","train"
"mXgUV0o6a20.001","mXgUV0o6a20","train"
"mxLRr3YqgMU.000","mxLRr3YqgMU","train"
"mxLRr3YqgMU.001","mxLRr3YqgMU","train"
"mxLRr3YqgMU.004","mxLRr3YqgMU","train"
"mY1ZTvNVkSA.002","mY1ZTvNVkSA","train"
"mY1ZTvNVkSA.003","mY1ZTvNVkSA","train"
"mY1ZTvNVkSA.005","mY1ZTvNVkSA","train"
"myhEW1aZRg4.000","myhEW1aZRg4","train"
"mZ2CHgzwDt0.000","mZ2CHgzwDt0","train"
"mZ2CHgzwDt0.001","mZ2CHgzwDt0","train"
"mZ2CHgzwDt0.002","mZ2CHgzwDt0","train"
"mZ2CHgzwDt0.003","mZ2CHgzwDt0","train"
"mZ3vypXAfHg.000","mZ3vypXAfHg","train"
"mZ3vypXAfHg.003","mZ3vypXAfHg","train"
"MZkDsB04kt8.000","MZkDsB04kt8","train"
"MZkDsB04kt8.004","MZkDsB04kt8","train"
"mZQP06F94u8.003","mZQP06F94u8","train"
"mZQP06F94u8.004","mZQP06F94u8","train"
"mZzWhUI0CP0.005","mZzWhUI0CP0","train"
"n_4vw3RKaog.002","n_4vw3RKaog","train"
"N_PICgkFxAM.002","N_PICgkFxAM","train"
"n0acEDmc0mA.000","n0acEDmc0mA","train"
"N0QizgPLLbs.000","N0QizgPLLbs","train"
"N0QizgPLLbs.005","N0QizgPLLbs","train"
"N0s2M3bJkUk.002","N0s2M3bJkUk","train"
"N0s2M3bJkUk.003","N0s2M3bJkUk","train"
"N0s2M3bJkUk.005","N0s2M3bJkUk","train"
"N0UweTwwQqQ.000","N0UweTwwQqQ","train"
"N1ZOAktFbI0.001","N1ZOAktFbI0","train"
"N1ZOAktFbI0.002","N1ZOAktFbI0","train"
"N1ZOAktFbI0.004","N1ZOAktFbI0","train"
"n2BuwHbdilY.002","n2BuwHbdilY","train"
"n4NkVZ1_dfk.000","n4NkVZ1_dfk","train"
"n4NkVZ1_dfk.003","n4NkVZ1_dfk","train"
"n4NkVZ1_dfk.004","n4NkVZ1_dfk","train"
"n4NkVZ1_dfk.005","n4NkVZ1_dfk","train"
"N4tuu9aCXkw.003","N4tuu9aCXkw","train"
"N4tuu9aCXkw.004","N4tuu9aCXkw","train"
"n5Jeeqfj2_U.000","n5Jeeqfj2_U","train"
"n5Jeeqfj2_U.005","n5Jeeqfj2_U","train"
"N5nIQZMW_ig.003","N5nIQZMW_ig","train"
"n6JNJurop2U.000","n6JNJurop2U","train"
"n6JNJurop2U.003","n6JNJurop2U","train"
"-N6QKrbnaDs.005","-N6QKrbnaDs","train"
"N7oR6_oMBFk.000","N7oR6_oMBFk","train"
"N7oR6_oMBFk.004","N7oR6_oMBFk","train"
"n8IiQJyqjiE.000","n8IiQJyqjiE","train"
"n8IiQJyqjiE.001","n8IiQJyqjiE","train"
"n8IiQJyqjiE.003","n8IiQJyqjiE","train"
"n8IiQJyqjiE.004","n8IiQJyqjiE","train"
"naAGy30bnwA.000","naAGy30bnwA","train"
"naAGy30bnwA.005","naAGy30bnwA","train"
"NBacfF-K2eQ.000","NBacfF-K2eQ","train"
"NBacfF-K2eQ.001","NBacfF-K2eQ","train"
"NBacfF-K2eQ.004","NBacfF-K2eQ","train"
"nB-fPmvZg3U.005","nB-fPmvZg3U","train"
"nBjBfN9SbpM.001","nBjBfN9SbpM","train"
"nBjBfN9SbpM.002","nBjBfN9SbpM","train"
"nBjBfN9SbpM.003","nBjBfN9SbpM","train"
"nBjBfN9SbpM.004","nBjBfN9SbpM","train"
"nBjBfN9SbpM.005","nBjBfN9SbpM","train"
"nCc8XfmSvf8.001","nCc8XfmSvf8","train"
"nClvfVFYzbM.000","nClvfVFYzbM","train"
"nClvfVFYzbM.003","nClvfVFYzbM","train"
"nClvfVFYzbM.005","nClvfVFYzbM","train"
"NCm736FngNo.000","NCm736FngNo","train"
"ncmnmmmWEpU.000","ncmnmmmWEpU","train"
"ncmnmmmWEpU.004","ncmnmmmWEpU","train"
"ncmnmmmWEpU.005","ncmnmmmWEpU","train"
"nCWEEoJfjgE.000","nCWEEoJfjgE","train"
"nCWEEoJfjgE.002","nCWEEoJfjgE","train"
"nCWEEoJfjgE.004","nCWEEoJfjgE","train"
"nCWEEoJfjgE.005","nCWEEoJfjgE","train"
"NdAJGXf8aos.002","NdAJGXf8aos","train"
"NdAJGXf8aos.005","NdAJGXf8aos","train"
"NDBCrVvp0Vg.000","NDBCrVvp0Vg","train"
"NDBCrVvp0Vg.003","NDBCrVvp0Vg","train"
"NDC375coN1o.001","NDC375coN1o","train"
"NDC375coN1o.002","NDC375coN1o","train"
"NDC375coN1o.005","NDC375coN1o","train"
"nDcl8Jo2tYg.002","nDcl8Jo2tYg","train"
"ndLtwmvPpr8.000","ndLtwmvPpr8","train"
"ndLtwmvPpr8.003","ndLtwmvPpr8","train"
"nDsTSmE73M0.000","nDsTSmE73M0","train"
"nDsTSmE73M0.005","nDsTSmE73M0","train"
"nEm44UpCKmA.000","nEm44UpCKmA","train"
"nex61B854Ms.003","nex61B854Ms","train"
"nex61B854Ms.004","nex61B854Ms","train"
"nex61B854Ms.005","nex61B854Ms","train"
"NF8nb3SQPNg.002","NF8nb3SQPNg","train"
"NFAlff6GUpA.000","NFAlff6GUpA","train"
"NFAlff6GUpA.003","NFAlff6GUpA","train"
"NFAlff6GUpA.005","NFAlff6GUpA","train"
"nfEhF5GBQpo.000","nfEhF5GBQpo","train"
"nfN9qJSVank.000","nfN9qJSVank","train"
"nfN9qJSVank.002","nfN9qJSVank","train"
"nfN9qJSVank.003","nfN9qJSVank","train"
"nfN9qJSVank.004","nfN9qJSVank","train"
"nfN9qJSVank.005","nfN9qJSVank","train"
"nFP7EEgz0Xg.002","nFP7EEgz0Xg","train"
"Ng2E0E5tiZQ.003","Ng2E0E5tiZQ","train"
"Ng2E0E5tiZQ.005","Ng2E0E5tiZQ","train"
"ng42eoHytOA.001","ng42eoHytOA","train"
"ng42eoHytOA.002","ng42eoHytOA","train"
"ng42eoHytOA.003","ng42eoHytOA","train"
"ng42eoHytOA.005","ng42eoHytOA","train"
"NG8qWulkRM4.000","NG8qWulkRM4","train"
"NG8qWulkRM4.001","NG8qWulkRM4","train"
"NG8qWulkRM4.002","NG8qWulkRM4","train"
"NG8qWulkRM4.005","NG8qWulkRM4","train"
"nGe8dIc-ecc.000","nGe8dIc-ecc","train"
"nGe8dIc-ecc.002","nGe8dIc-ecc","train"
"nGe8dIc-ecc.003","nGe8dIc-ecc","train"
"nGe8dIc-ecc.005","nGe8dIc-ecc","train"
"nGGtTu6dSJE.000","nGGtTu6dSJE","train"
"nghDz0el8iI.000","nghDz0el8iI","train"
"nghDz0el8iI.001","nghDz0el8iI","train"
"NhyVkwcZbTA.002","NhyVkwcZbTA","train"
"NhyVkwcZbTA.003","NhyVkwcZbTA","train"
"NhyVkwcZbTA.004","NhyVkwcZbTA","train"
"NhyVkwcZbTA.005","NhyVkwcZbTA","train"
"nI6qUE8N8hk.000","nI6qUE8N8hk","train"
"NI-tZF3gfes.002","NI-tZF3gfes","train"
"NI-tZF3gfes.003","NI-tZF3gfes","train"
"NI-tZF3gfes.004","NI-tZF3gfes","train"
"nIwFocnmRFY.000","nIwFocnmRFY","train"
"nIwFocnmRFY.003","nIwFocnmRFY","train"
"niWi1hcuSmo.005","niWi1hcuSmo","train"
"NkFJuN8fBDU.000","NkFJuN8fBDU","train"
"NkFJuN8fBDU.001","NkFJuN8fBDU","train"
"NkFJuN8fBDU.004","NkFJuN8fBDU","train"
"nKLhatlbqEw.000","nKLhatlbqEw","train"
"nKLhatlbqEw.001","nKLhatlbqEw","train"
"nKLhatlbqEw.002","nKLhatlbqEw","train"
"nKLhatlbqEw.005","nKLhatlbqEw","train"
"nkmYbzMmrYw.001","nkmYbzMmrYw","train"
"nkmYbzMmrYw.003","nkmYbzMmrYw","train"
"nkmYbzMmrYw.004","nkmYbzMmrYw","train"
"nKx64KH7Xks.001","nKx64KH7Xks","train"
"nKx64KH7Xks.002","nKx64KH7Xks","train"
"nKx64KH7Xks.003","nKx64KH7Xks","train"
"nKx64KH7Xks.004","nKx64KH7Xks","train"
"nKx64KH7Xks.005","nKx64KH7Xks","train"
"nLB29nx1Jp4.001","nLB29nx1Jp4","train"
"nlIrqbcvqLk.001","nlIrqbcvqLk","train"
"nLuAoNAOGcQ.000","nLuAoNAOGcQ","train"
"nmZRXxKPPuQ.002","nmZRXxKPPuQ","train"
"nmZRXxKPPuQ.005","nmZRXxKPPuQ","train"
"nndDX4RgU1w.000","nndDX4RgU1w","train"
"nOCSTnpB_F4.001","nOCSTnpB_F4","train"
"nOCSTnpB_F4.002","nOCSTnpB_F4","train"
"noepjVnUVFY.000","noepjVnUVFY","train"
"noepjVnUVFY.001","noepjVnUVFY","train"
"nOFHZ_s7Et4.001","nOFHZ_s7Et4","train"
"nOFHZ_s7Et4.005","nOFHZ_s7Et4","train"
"NoHext7JXYU.000","NoHext7JXYU","train"
"NoHext7JXYU.003","NoHext7JXYU","train"
"NOrjfF0-pQ4.004","NOrjfF0-pQ4","train"
"NOrjfF0-pQ4.005","NOrjfF0-pQ4","train"
"NpiglwrZzsA.001","NpiglwrZzsA","train"
"NpiglwrZzsA.002","NpiglwrZzsA","train"
"NpiglwrZzsA.004","NpiglwrZzsA","train"
"nQtiqrceBhg.001","nQtiqrceBhg","train"
"nQtiqrceBhg.003","nQtiqrceBhg","train"
"nQxTTYWy7pA.001","nQxTTYWy7pA","train"
"nQxTTYWy7pA.002","nQxTTYWy7pA","train"
"nR0h3WFbPfA.000","nR0h3WFbPfA","train"
"nR0h3WFbPfA.001","nR0h3WFbPfA","train"
"nR0h3WFbPfA.003","nR0h3WFbPfA","train"
"nR0h3WFbPfA.004","nR0h3WFbPfA","train"
"nskJh7v6v1U.002","nskJh7v6v1U","train"
"nskJh7v6v1U.004","nskJh7v6v1U","train"
"nskJh7v6v1U.005","nskJh7v6v1U","train"
"NTATNIs2sSc.001","NTATNIs2sSc","train"
"NTSMogqhvBg.001","NTSMogqhvBg","train"
"NTSMogqhvBg.002","NTSMogqhvBg","train"
"NTxMChSejQE.001","NTxMChSejQE","train"
"nUazOUcW_AM.004","nUazOUcW_AM","train"
"nUazOUcW_AM.005","nUazOUcW_AM","train"
"nUbhRInpVbA.001","nUbhRInpVbA","train"
"nUbhRInpVbA.004","nUbhRInpVbA","train"
"nUbhRInpVbA.005","nUbhRInpVbA","train"
"Nv0-x4K9YFI.000","Nv0-x4K9YFI","train"
"Nv0-x4K9YFI.001","Nv0-x4K9YFI","train"
"Nv0-x4K9YFI.002","Nv0-x4K9YFI","train"
"Nv0-x4K9YFI.004","Nv0-x4K9YFI","train"
"Nv0-x4K9YFI.005","Nv0-x4K9YFI","train"
"NvJ4jRPUuS0.001","NvJ4jRPUuS0","train"
"nvlqJbHk_Lc.000","nvlqJbHk_Lc","train"
"NVvKBE5FTMk.005","NVvKBE5FTMk","train"
"NvwD448H-40.001","NvwD448H-40","train"
"-NwfYYf5xLo.005","-NwfYYf5xLo","train"
"NWlCdMyKlE0.000","NWlCdMyKlE0","train"
"NWlCdMyKlE0.001","NWlCdMyKlE0","train"
"NWlCdMyKlE0.002","NWlCdMyKlE0","train"
"NWlCdMyKlE0.003","NWlCdMyKlE0","train"
"NXG4n1pr4Ok.001","NXG4n1pr4Ok","train"
"NXG4n1pr4Ok.002","NXG4n1pr4Ok","train"
"NXG4n1pr4Ok.004","NXG4n1pr4Ok","train"
"NYlFsljF0VM.003","NYlFsljF0VM","train"
"NYlFsljF0VM.005","NYlFsljF0VM","train"
"nZC82V87Pm0.002","nZC82V87Pm0","train"
"nZC82V87Pm0.004","nZC82V87Pm0","train"
"nZC82V87Pm0.005","nZC82V87Pm0","train"
"NzCflfxgvwo.003","NzCflfxgvwo","train"
"NZXtEENlWL4.003","NZXtEENlWL4","train"
"nZz1hK90gwA.002","nZz1hK90gwA","train"
"nZz1hK90gwA.003","nZz1hK90gwA","train"
"nZz1hK90gwA.004","nZz1hK90gwA","train"
"o_kTWEEjtyw.001","o_kTWEEjtyw","train"
"o_kTWEEjtyw.003","o_kTWEEjtyw","train"
"o_kTWEEjtyw.005","o_kTWEEjtyw","train"
"o0zIPrIQY4o.005","o0zIPrIQY4o","train"
"O14mSiNfYDo.001","O14mSiNfYDo","train"
"O14mSiNfYDo.002","O14mSiNfYDo","train"
"O14mSiNfYDo.005","O14mSiNfYDo","train"
"o1mTIo1vPas.000","o1mTIo1vPas","train"
"o2iolmvadac.002","o2iolmvadac","train"
"O2J_3ScUCUQ.004","O2J_3ScUCUQ","train"
"o2lu6rkd5-Y.001","o2lu6rkd5-Y","train"
"o2lu6rkd5-Y.004","o2lu6rkd5-Y","train"
"O2wMPdp2-Is.002","O2wMPdp2-Is","train"
"o2wtRccAgjE.003","o2wtRccAgjE","train"
"O3_j0d7mq7k.001","O3_j0d7mq7k","train"
"O3_j0d7mq7k.002","O3_j0d7mq7k","train"
"O3_j0d7mq7k.004","O3_j0d7mq7k","train"
"o5eCmKiomvo.001","o5eCmKiomvo","train"
"o5eCmKiomvo.002","o5eCmKiomvo","train"
"o6JCQlOC3oE.002","o6JCQlOC3oE","train"
"O7h-kf7hPIU.001","O7h-kf7hPIU","train"
"O7h-kf7hPIU.005","O7h-kf7hPIU","train"
"o7J2fWIJndQ.005","o7J2fWIJndQ","train"
"O7ke1Wjb1ZM.003","O7ke1Wjb1ZM","train"
"O8L2pHEIcuo.004","O8L2pHEIcuo","train"
"OACoHiwOdXQ.002","OACoHiwOdXQ","train"
"OACoHiwOdXQ.003","OACoHiwOdXQ","train"
"OACoHiwOdXQ.005","OACoHiwOdXQ","train"
"oANKg9_grdA.004","oANKg9_grdA","train"
"oBE9f5xD9rk.000","oBE9f5xD9rk","train"
"oBE9f5xD9rk.002","oBE9f5xD9rk","train"
"oBE9f5xD9rk.004","oBE9f5xD9rk","train"
"oBE9f5xD9rk.005","oBE9f5xD9rk","train"
"obr7ktzX8w8.001","obr7ktzX8w8","train"
"obr7ktzX8w8.003","obr7ktzX8w8","train"
"obr7ktzX8w8.004","obr7ktzX8w8","train"
"oCb9DK3M1DU.000","oCb9DK3M1DU","train"
"oCb9DK3M1DU.001","oCb9DK3M1DU","train"
"oCb9DK3M1DU.002","oCb9DK3M1DU","train"
"oCb9DK3M1DU.003","oCb9DK3M1DU","train"
"oCb9DK3M1DU.004","oCb9DK3M1DU","train"
"oCb9DK3M1DU.005","oCb9DK3M1DU","train"
"OckL7z_nBGg.002","OckL7z_nBGg","train"
"OckL7z_nBGg.003","OckL7z_nBGg","train"
"OckL7z_nBGg.004","OckL7z_nBGg","train"
"OckL7z_nBGg.005","OckL7z_nBGg","train"
"OCMseWyLuBQ.001","OCMseWyLuBQ","train"
"oCN_9daCssU.002","oCN_9daCssU","train"
"oC-qxnrmJws.000","oC-qxnrmJws","train"
"oC-qxnrmJws.002","oC-qxnrmJws","train"
"oC-qxnrmJws.003","oC-qxnrmJws","train"
"oC-qxnrmJws.005","oC-qxnrmJws","train"
"OcS4H_dFeOc.001","OcS4H_dFeOc","train"
"OD_gyCYpR8U.002","OD_gyCYpR8U","train"
"OD3cfWeJaOY.003","OD3cfWeJaOY","train"
"OD3cfWeJaOY.004","OD3cfWeJaOY","train"
"OD3cfWeJaOY.005","OD3cfWeJaOY","train"
"ODDGS0hTcUc.000","ODDGS0hTcUc","train"
"ODDGS0hTcUc.001","ODDGS0hTcUc","train"
"ODDGS0hTcUc.004","ODDGS0hTcUc","train"
"odHogR_36Dc.000","odHogR_36Dc","train"
"odHogR_36Dc.002","odHogR_36Dc","train"
"odHogR_36Dc.003","odHogR_36Dc","train"
"oDOoG0vX-7U.005","oDOoG0vX-7U","train"
"odRqijkG28U.000","odRqijkG28U","train"
"odRqijkG28U.001","odRqijkG28U","train"
"odRqijkG28U.004","odRqijkG28U","train"
"OdwK_oMdfSU.000","OdwK_oMdfSU","train"
"OdwK_oMdfSU.002","OdwK_oMdfSU","train"
"OdwK_oMdfSU.003","OdwK_oMdfSU","train"
"OdwK_oMdfSU.005","OdwK_oMdfSU","train"
"oe1PZxExhzc.001","oe1PZxExhzc","train"
"oe1PZxExhzc.003","oe1PZxExhzc","train"
"oe6q_ZByIxQ.000","oe6q_ZByIxQ","train"
"Oe7ItP7gS4w.000","Oe7ItP7gS4w","train"
"Oe7ItP7gS4w.002","Oe7ItP7gS4w","train"
"Oe7ItP7gS4w.004","Oe7ItP7gS4w","train"
"OeGMd58Wgsk.000","OeGMd58Wgsk","train"
"OeGMd58Wgsk.003","OeGMd58Wgsk","train"
"OEKg-Tvwcbk.000","OEKg-Tvwcbk","train"
"OEKg-Tvwcbk.003","OEKg-Tvwcbk","train"
"OeT6Skotv7g.004","OeT6Skotv7g","train"
"o-fNF5QVMNo.004","o-fNF5QVMNo","train"
"o-fNF5QVMNo.005","o-fNF5QVMNo","train"
"oG84VxrGfj0.001","oG84VxrGfj0","train"
"og8vtyRh_bc.000","og8vtyRh_bc","train"
"og8vtyRh_bc.001","og8vtyRh_bc","train"
"og8vtyRh_bc.003","og8vtyRh_bc","train"
"oGa05H9UXxU.002","oGa05H9UXxU","train"
"oGa05H9UXxU.004","oGa05H9UXxU","train"
"OgPC4wnLJR0.001","OgPC4wnLJR0","train"
"OgPC4wnLJR0.002","OgPC4wnLJR0","train"
"OgPC4wnLJR0.003","OgPC4wnLJR0","train"
"OgPC4wnLJR0.004","OgPC4wnLJR0","train"
"OgPC4wnLJR0.005","OgPC4wnLJR0","train"
"ogSLrHVeqLI.003","ogSLrHVeqLI","train"
"OhHg1lyxe4I.000","OhHg1lyxe4I","train"
"OhHg1lyxe4I.001","OhHg1lyxe4I","train"
"OhHg1lyxe4I.002","OhHg1lyxe4I","train"
"oHudDVcT5Lg.002","oHudDVcT5Lg","train"
"oHudDVcT5Lg.004","oHudDVcT5Lg","train"
"oHudDVcT5Lg.005","oHudDVcT5Lg","train"
"OIRq4d8IyKc.002","OIRq4d8IyKc","train"
"OIRq4d8IyKc.003","OIRq4d8IyKc","train"
"oJPdfhG4hT0.001","oJPdfhG4hT0","train"
"oJPdfhG4hT0.002","oJPdfhG4hT0","train"
"okdZnQbLnf8.001","okdZnQbLnf8","train"
"okdZnQbLnf8.002","okdZnQbLnf8","train"
"okdZnQbLnf8.004","okdZnQbLnf8","train"
"okl467xvgOw.001","okl467xvgOw","train"
"okSmKH2k5lE.002","okSmKH2k5lE","train"
"OLFhKCgexRU.000","OLFhKCgexRU","train"
"OLFhKCgexRU.001","OLFhKCgexRU","train"
"OLFhKCgexRU.002","OLFhKCgexRU","train"
"OLFhKCgexRU.004","OLFhKCgexRU","train"
"oLO05QNhhGg.000","oLO05QNhhGg","train"
"oLO05QNhhGg.001","oLO05QNhhGg","train"
"oLO05QNhhGg.002","oLO05QNhhGg","train"
"oLO05QNhhGg.003","oLO05QNhhGg","train"
"oLO05QNhhGg.004","oLO05QNhhGg","train"
"oLO05QNhhGg.005","oLO05QNhhGg","train"
"om-9kFEKJIs.000","om-9kFEKJIs","train"
"om-9kFEKJIs.001","om-9kFEKJIs","train"
"om-9kFEKJIs.004","om-9kFEKJIs","train"
"omeHsKF7InA.000","omeHsKF7InA","train"
"omeHsKF7InA.001","omeHsKF7InA","train"
"OMHlfDF99Mw.000","OMHlfDF99Mw","train"
"OMHlfDF99Mw.003","OMHlfDF99Mw","train"
"OMHlfDF99Mw.004","OMHlfDF99Mw","train"
"omQ5CGXJKS8.001","omQ5CGXJKS8","train"
"omQ5CGXJKS8.002","omQ5CGXJKS8","train"
"OmXuhT4yJpo.000","OmXuhT4yJpo","train"
"OmXuhT4yJpo.005","OmXuhT4yJpo","train"
"On2c_8sU8Vw.001","On2c_8sU8Vw","train"
"On2c_8sU8Vw.002","On2c_8sU8Vw","train"
"On2c_8sU8Vw.004","On2c_8sU8Vw","train"
"onbyz01BC_Y.003","onbyz01BC_Y","train"
"OovRk5U9_GY.000","OovRk5U9_GY","train"
"OovRk5U9_GY.004","OovRk5U9_GY","train"
"OoxYhDbzWwg.002","OoxYhDbzWwg","train"
"OoxYhDbzWwg.005","OoxYhDbzWwg","train"
"opEoJBrcmbI.001","opEoJBrcmbI","train"
"opEoJBrcmbI.002","opEoJBrcmbI","train"
"opEoJBrcmbI.003","opEoJBrcmbI","train"
"opEoJBrcmbI.005","opEoJBrcmbI","train"
"opqoflph5ZE.004","opqoflph5ZE","train"
"opyTSeVCYtE.002","opyTSeVCYtE","train"
"opyTSeVCYtE.003","opyTSeVCYtE","train"
"opyTSeVCYtE.005","opyTSeVCYtE","train"
"oq_v2yocx34.004","oq_v2yocx34","train"
"oQOvtrP52As.002","oQOvtrP52As","train"
"oqXx6ipHfUE.000","oqXx6ipHfUE","train"
"oqXx6ipHfUE.005","oqXx6ipHfUE","train"
"Or2_bP4lWYI.000","Or2_bP4lWYI","train"
"Or2_bP4lWYI.001","Or2_bP4lWYI","train"
"Or2_bP4lWYI.002","Or2_bP4lWYI","train"
"Or2_bP4lWYI.004","Or2_bP4lWYI","train"
"Or2_bP4lWYI.005","Or2_bP4lWYI","train"
"orlXEgAepGo.000","orlXEgAepGo","train"
"orlXEgAepGo.002","orlXEgAepGo","train"
"orlXEgAepGo.003","orlXEgAepGo","train"
"Os7L5C-i9Fw.000","Os7L5C-i9Fw","train"
"Os7L5C-i9Fw.003","Os7L5C-i9Fw","train"
"Os7L5C-i9Fw.004","Os7L5C-i9Fw","train"
"OSDlyk5ZgAk.004","OSDlyk5ZgAk","train"
"osqQpQsJNPQ.000","osqQpQsJNPQ","train"
"osqQpQsJNPQ.001","osqQpQsJNPQ","train"
"osqQpQsJNPQ.004","osqQpQsJNPQ","train"
"-Osv5l1vrNU.001","-Osv5l1vrNU","train"
"-Osv5l1vrNU.004","-Osv5l1vrNU","train"
"OtGJDbI9qkM.000","OtGJDbI9qkM","train"
"OtGJDbI9qkM.002","OtGJDbI9qkM","train"
"OtGJDbI9qkM.004","OtGJDbI9qkM","train"
"OtGJDbI9qkM.005","OtGJDbI9qkM","train"
"OTXGM3Guxy4.000","OTXGM3Guxy4","train"
"OTXGM3Guxy4.003","OTXGM3Guxy4","train"
"OTXGM3Guxy4.004","OTXGM3Guxy4","train"
"OTXGM3Guxy4.005","OTXGM3Guxy4","train"
"oU7zAWm_01o.000","oU7zAWm_01o","train"
"oU7zAWm_01o.002","oU7zAWm_01o","train"
"oU7zAWm_01o.003","oU7zAWm_01o","train"
"oU7zAWm_01o.004","oU7zAWm_01o","train"
"OuE91U_n04E.000","OuE91U_n04E","train"
"OuE91U_n04E.001","OuE91U_n04E","train"
"OugdInDyt9s.000","OugdInDyt9s","train"
"OugdInDyt9s.003","OugdInDyt9s","train"
"OugdInDyt9s.005","OugdInDyt9s","train"
"outvbZgNX58.000","outvbZgNX58","train"
"outvbZgNX58.002","outvbZgNX58","train"
"outvbZgNX58.004","outvbZgNX58","train"
"ouYYWCY__5A.000","ouYYWCY__5A","train"
"ouYYWCY__5A.001","ouYYWCY__5A","train"
"ouYYWCY__5A.005","ouYYWCY__5A","train"
"oVSMxtPpQ0M.002","oVSMxtPpQ0M","train"
"oVSMxtPpQ0M.003","oVSMxtPpQ0M","train"
"oVSMxtPpQ0M.005","oVSMxtPpQ0M","train"
"oWDh03tstic.002","oWDh03tstic","train"
"OwI3Q-qUqDw.000","OwI3Q-qUqDw","train"
"OwI3Q-qUqDw.001","OwI3Q-qUqDw","train"
"OwI3Q-qUqDw.002","OwI3Q-qUqDw","train"
"OwI3Q-qUqDw.005","OwI3Q-qUqDw","train"
"OwlFAiE0Qrg.000","OwlFAiE0Qrg","train"
"OwlFAiE0Qrg.002","OwlFAiE0Qrg","train"
"owRKOW0ymCM.002","owRKOW0ymCM","train"
"owRKOW0ymCM.003","owRKOW0ymCM","train"
"OWZ-qVZG14A.000","OWZ-qVZG14A","train"
"OWZ-qVZG14A.002","OWZ-qVZG14A","train"
"OWZ-qVZG14A.003","OWZ-qVZG14A","train"
"OWZ-qVZG14A.004","OWZ-qVZG14A","train"
"OWZ-qVZG14A.005","OWZ-qVZG14A","train"
"OxaBanUE6KE.001","OxaBanUE6KE","train"
"OxaBanUE6KE.002","OxaBanUE6KE","train"
"OxaBanUE6KE.004","OxaBanUE6KE","train"
"OXkDmd3nA94.000","OXkDmd3nA94","train"
"OXkDmd3nA94.002","OXkDmd3nA94","train"
"OXkDmd3nA94.003","OXkDmd3nA94","train"
"OXkDmd3nA94.004","OXkDmd3nA94","train"
"-OXMbG7ZwRk.000","-OXMbG7ZwRk","train"
"-OXMbG7ZwRk.003","-OXMbG7ZwRk","train"
"-OXMbG7ZwRk.004","-OXMbG7ZwRk","train"
"-OXMbG7ZwRk.005","-OXMbG7ZwRk","train"
"ox-qZvCLtls.005","ox-qZvCLtls","train"
"oXRhk1PUPcQ.002","oXRhk1PUPcQ","train"
"oxw3nT9LSsg.000","oxw3nT9LSsg","train"
"oYhWw97JYyU.000","oYhWw97JYyU","train"
"oYhWw97JYyU.001","oYhWw97JYyU","train"
"oYiWW-Qc0rs.000","oYiWW-Qc0rs","train"
"oYiWW-Qc0rs.001","oYiWW-Qc0rs","train"
"oYiWW-Qc0rs.002","oYiWW-Qc0rs","train"
"oYiWW-Qc0rs.005","oYiWW-Qc0rs","train"
"OZaP2T74bLI.000","OZaP2T74bLI","train"
"OZaP2T74bLI.001","OZaP2T74bLI","train"
"OZaP2T74bLI.004","OZaP2T74bLI","train"
"OZaP2T74bLI.005","OZaP2T74bLI","train"
"OZlpENU9h28.000","OZlpENU9h28","train"
"OZlpENU9h28.002","OZlpENU9h28","train"
"OZlpENU9h28.003","OZlpENU9h28","train"
"OZlpENU9h28.005","OZlpENU9h28","train"
"p_kPnCD7WzU.002","p_kPnCD7WzU","train"
"P_wDFLJnW-o.000","P_wDFLJnW-o","train"
"P_wDFLJnW-o.001","P_wDFLJnW-o","train"
"P_wDFLJnW-o.004","P_wDFLJnW-o","train"
"p_Z4QGqu4Qo.001","p_Z4QGqu4Qo","train"
"p_Z4QGqu4Qo.004","p_Z4QGqu4Qo","train"
"P0a209IS614.002","P0a209IS614","train"
"P0a209IS614.004","P0a209IS614","train"
"P0a209IS614.005","P0a209IS614","train"
"P0ZzjnS8E24.000","P0ZzjnS8E24","train"
"p1ORMiJ0fPU.002","p1ORMiJ0fPU","train"
"p1ORMiJ0fPU.003","p1ORMiJ0fPU","train"
"p1qyJ_mE-2U.002","p1qyJ_mE-2U","train"
"p5QXPhJS8Ks.000","p5QXPhJS8Ks","train"
"p5QXPhJS8Ks.005","p5QXPhJS8Ks","train"
"p5v75vAZ7F0.003","p5v75vAZ7F0","train"
"p5v75vAZ7F0.005","p5v75vAZ7F0","train"
"P63CUj9KnSw.001","P63CUj9KnSw","train"
"P63CUj9KnSw.004","P63CUj9KnSw","train"
"P6g1mZ3f76U.001","P6g1mZ3f76U","train"
"P6g1mZ3f76U.002","P6g1mZ3f76U","train"
"P6g1mZ3f76U.003","P6g1mZ3f76U","train"
"p6jjj6jn2fM.003","p6jjj6jn2fM","train"
"p6UMx8dwHZQ.000","p6UMx8dwHZQ","train"
"p6UMx8dwHZQ.001","p6UMx8dwHZQ","train"
"p6UMx8dwHZQ.002","p6UMx8dwHZQ","train"
"p6UMx8dwHZQ.003","p6UMx8dwHZQ","train"
"p6UMx8dwHZQ.004","p6UMx8dwHZQ","train"
"p7_MVQ3uGJc.003","p7_MVQ3uGJc","train"
"p7aNK5GKwEc.000","p7aNK5GKwEc","train"
"p7-JUvStF4w.000","p7-JUvStF4w","train"
"p7-JUvStF4w.002","p7-JUvStF4w","train"
"p7-JUvStF4w.003","p7-JUvStF4w","train"
"p7-JUvStF4w.004","p7-JUvStF4w","train"
"p7-JUvStF4w.005","p7-JUvStF4w","train"
"P7poMmhYnM0.001","P7poMmhYnM0","train"
"p8ce3grr9XE.001","p8ce3grr9XE","train"
"p9l1MBw-5ic.002","p9l1MBw-5ic","train"
"p9tAC-RqZPI.002","p9tAC-RqZPI","train"
"P9WDAY-MFzk.000","P9WDAY-MFzk","train"
"P9WDAY-MFzk.002","P9WDAY-MFzk","train"
"P9WDAY-MFzk.003","P9WDAY-MFzk","train"
"Pb7aNc6Kd40.001","Pb7aNc6Kd40","train"
"Pb7aNc6Kd40.003","Pb7aNc6Kd40","train"
"Pb7aNc6Kd40.005","Pb7aNc6Kd40","train"
"Pb9GhzCRnqs.001","Pb9GhzCRnqs","train"
"Pc3NjyhtVd0.003","Pc3NjyhtVd0","train"
"PCmec_zcu_w.002","PCmec_zcu_w","train"
"Pc-oQQwkIv8.000","Pc-oQQwkIv8","train"
"Pc-oQQwkIv8.001","Pc-oQQwkIv8","train"
"Pc-oQQwkIv8.003","Pc-oQQwkIv8","train"
"Pc-oQQwkIv8.004","Pc-oQQwkIv8","train"
"pDih4zWqYQw.001","pDih4zWqYQw","train"
"pDt0F4zFfBs.003","pDt0F4zFfBs","train"
"pDt0F4zFfBs.005","pDt0F4zFfBs","train"
"pEr7WTIPW64.000","pEr7WTIPW64","train"
"pEr7WTIPW64.005","pEr7WTIPW64","train"
"pEYFpmjwKC0.001","pEYFpmjwKC0","train"
"pEYFpmjwKC0.002","pEYFpmjwKC0","train"
"pEYFpmjwKC0.003","pEYFpmjwKC0","train"
"pEYFpmjwKC0.004","pEYFpmjwKC0","train"
"PgpMUHH8lEI.000","PgpMUHH8lEI","train"
"PgpMUHH8lEI.002","PgpMUHH8lEI","train"
"PgpMUHH8lEI.003","PgpMUHH8lEI","train"
"PgpMUHH8lEI.004","PgpMUHH8lEI","train"
"PgpMUHH8lEI.005","PgpMUHH8lEI","train"
"pHCPbKprJGY.001","pHCPbKprJGY","train"
"pHCPbKprJGY.003","pHCPbKprJGY","train"
"phjVMKGYBKs.005","phjVMKGYBKs","train"
"PHmkN1cPl10.003","PHmkN1cPl10","train"
"PHmkN1cPl10.005","PHmkN1cPl10","train"
"PHUlL5ZzX5U.001","PHUlL5ZzX5U","train"
"PHUlL5ZzX5U.005","PHUlL5ZzX5U","train"
"PHv6CzBIC5E.001","PHv6CzBIC5E","train"
"PHv6CzBIC5E.002","PHv6CzBIC5E","train"
"PHv6CzBIC5E.004","PHv6CzBIC5E","train"
"PHv6CzBIC5E.005","PHv6CzBIC5E","train"
"PHZQmf82HvA.002","PHZQmf82HvA","train"
"PHZQmf82HvA.005","PHZQmf82HvA","train"
"pJGLxS81YBc.004","pJGLxS81YBc","train"
"PJxgOFaaUZM.004","PJxgOFaaUZM","train"
"PkEzIErhYZ8.002","PkEzIErhYZ8","train"
"Pkgi4--hwfo.005","Pkgi4--hwfo","train"
"PKtzsEqLGx4.000","PKtzsEqLGx4","train"
"PKtzsEqLGx4.001","PKtzsEqLGx4","train"
"PKtzsEqLGx4.005","PKtzsEqLGx4","train"
"pkwzo1OkEmY.002","pkwzo1OkEmY","train"
"pkwzo1OkEmY.005","pkwzo1OkEmY","train"
"PKYh4sungwI.002","PKYh4sungwI","train"
"PKYh4sungwI.003","PKYh4sungwI","train"
"PKyqjYem0dY.003","PKyqjYem0dY","train"
"PKyqjYem0dY.004","PKyqjYem0dY","train"
"pljK0DEusA0.003","pljK0DEusA0","train"
"PmJw3uI1qBE.000","PmJw3uI1qBE","train"
"Pn_LNsSsm58.000","Pn_LNsSsm58","train"
"Pn_LNsSsm58.001","Pn_LNsSsm58","train"
"Pn_LNsSsm58.004","Pn_LNsSsm58","train"
"Pn_LNsSsm58.005","Pn_LNsSsm58","train"
"Po4UGCJbCbw.002","Po4UGCJbCbw","train"
"pOBn7AuGIuI.002","pOBn7AuGIuI","train"
"pOBn7AuGIuI.003","pOBn7AuGIuI","train"
"pOBn7AuGIuI.005","pOBn7AuGIuI","train"
"p-OcwNFQB0U.001","p-OcwNFQB0U","train"
"p-OcwNFQB0U.002","p-OcwNFQB0U","train"
"p-OcwNFQB0U.005","p-OcwNFQB0U","train"
"PoF3lxFDggQ.000","PoF3lxFDggQ","train"
"PoF3lxFDggQ.004","PoF3lxFDggQ","train"
"PoF3lxFDggQ.005","PoF3lxFDggQ","train"
"PooFvZH6fK0.001","PooFvZH6fK0","train"
"PooFvZH6fK0.003","PooFvZH6fK0","train"
"pOtWKOF07iU.000","pOtWKOF07iU","train"
"pOtWKOF07iU.002","pOtWKOF07iU","train"
"pOtWKOF07iU.003","pOtWKOF07iU","train"
"pOtWKOF07iU.004","pOtWKOF07iU","train"
"PoVizBmIHy0.000","PoVizBmIHy0","train"
"PpJ4S8ZM8mQ.000","PpJ4S8ZM8mQ","train"
"PpJ4S8ZM8mQ.002","PpJ4S8ZM8mQ","train"
"pPtzEnf5afw.000","pPtzEnf5afw","train"
"pPtzEnf5afw.003","pPtzEnf5afw","train"
"pPtzEnf5afw.005","pPtzEnf5afw","train"
"PQBGDxYGaXU.001","PQBGDxYGaXU","train"
"pQy4omHIf7o.000","pQy4omHIf7o","train"
"pQy4omHIf7o.001","pQy4omHIf7o","train"
"pQy4omHIf7o.002","pQy4omHIf7o","train"
"pQy4omHIf7o.003","pQy4omHIf7o","train"
"pQy4omHIf7o.004","pQy4omHIf7o","train"
"Pr7CHWFkWew.001","Pr7CHWFkWew","train"
"PReOtefm17s.002","PReOtefm17s","train"
"PReOtefm17s.005","PReOtefm17s","train"
"PRplbrM70sg.001","PRplbrM70sg","train"
"PRplbrM70sg.004","PRplbrM70sg","train"
"Pr-RpZ4gYCM.001","Pr-RpZ4gYCM","train"
"pru5ut4lxkQ.000","pru5ut4lxkQ","train"
"pru5ut4lxkQ.004","pru5ut4lxkQ","train"
"Ps55vHez10c.000","Ps55vHez10c","train"
"Psahy1Vju4A.000","Psahy1Vju4A","train"
"Psahy1Vju4A.002","Psahy1Vju4A","train"
"Psahy1Vju4A.003","Psahy1Vju4A","train"
"Psahy1Vju4A.005","Psahy1Vju4A","train"
"PsHb4YHooKM.003","PsHb4YHooKM","train"
"PsqpkFKX8co.001","PsqpkFKX8co","train"
"PsqpkFKX8co.002","PsqpkFKX8co","train"
"pT8nyxks1Q4.005","pT8nyxks1Q4","train"
"PtA7yAu9-VE.000","PtA7yAu9-VE","train"
"PtA7yAu9-VE.004","PtA7yAu9-VE","train"
"PtA7yAu9-VE.005","PtA7yAu9-VE","train"
"PTV5TBVRHxo.000","PTV5TBVRHxo","train"
"PTV5TBVRHxo.002","PTV5TBVRHxo","train"
"puJ_NbKzRTE.003","puJ_NbKzRTE","train"
"puLXzqUvm_U.000","puLXzqUvm_U","train"
"puLXzqUvm_U.001","puLXzqUvm_U","train"
"puLXzqUvm_U.003","puLXzqUvm_U","train"
"puLXzqUvm_U.004","puLXzqUvm_U","train"
"PuVy3akfzNI.000","PuVy3akfzNI","train"
"PuVy3akfzNI.002","PuVy3akfzNI","train"
"p-V78q8dtYo.001","p-V78q8dtYo","train"
"p-V78q8dtYo.005","p-V78q8dtYo","train"
"PVm7Om88BSw.001","PVm7Om88BSw","train"
"PVm7Om88BSw.003","PVm7Om88BSw","train"
"pvvff396Rqg.004","pvvff396Rqg","train"
"pvvff396Rqg.005","pvvff396Rqg","train"
"PWAe9M2SxT8.001","PWAe9M2SxT8","train"
"PWAe9M2SxT8.003","PWAe9M2SxT8","train"
"PWAe9M2SxT8.004","PWAe9M2SxT8","train"
"PWM-bKcs2p8.001","PWM-bKcs2p8","train"
"PWM-bKcs2p8.004","PWM-bKcs2p8","train"
"pwvQaSwgso8.000","pwvQaSwgso8","train"
"pwvQaSwgso8.001","pwvQaSwgso8","train"
"pwvQaSwgso8.002","pwvQaSwgso8","train"
"PxkMDzORBPE.005","PxkMDzORBPE","train"
"PxpbeM9VavA.001","PxpbeM9VavA","train"
"PxpbeM9VavA.003","PxpbeM9VavA","train"
"PYL8BGJKu20.001","PYL8BGJKu20","train"
"PyPFJWirPjs.000","PyPFJWirPjs","train"
"PyPFJWirPjs.001","PyPFJWirPjs","train"
"PYYC0Jiwfdg.000","PYYC0Jiwfdg","train"
"PYYC0Jiwfdg.002","PYYC0Jiwfdg","train"
"PYYC0Jiwfdg.004","PYYC0Jiwfdg","train"
"pzfDth6nFQE.000","pzfDth6nFQE","train"
"pzfDth6nFQE.003","pzfDth6nFQE","train"
"pzfDth6nFQE.004","pzfDth6nFQE","train"
"pzfDth6nFQE.005","pzfDth6nFQE","train"
"pzG2VeUbefw.001","pzG2VeUbefw","train"
"pzG2VeUbefw.003","pzG2VeUbefw","train"
"pzG2VeUbefw.005","pzG2VeUbefw","train"
"pZxqWp0e-Ik.000","pZxqWp0e-Ik","train"
"pZxqWp0e-Ik.004","pZxqWp0e-Ik","train"
"pZxqWp0e-Ik.005","pZxqWp0e-Ik","train"
"Q_YyIgxj6HE.001","Q_YyIgxj6HE","train"
"Q0C0OU-j4DA.001","Q0C0OU-j4DA","train"
"Q0C0OU-j4DA.002","Q0C0OU-j4DA","train"
"Q0C0OU-j4DA.003","Q0C0OU-j4DA","train"
"Q0C0OU-j4DA.004","Q0C0OU-j4DA","train"
"Q0C0OU-j4DA.005","Q0C0OU-j4DA","train"
"Q2AI4XpApFs.000","Q2AI4XpApFs","train"
"Q2AI4XpApFs.001","Q2AI4XpApFs","train"
"Q2AI4XpApFs.002","Q2AI4XpApFs","train"
"Q2AI4XpApFs.005","Q2AI4XpApFs","train"
"Q43qO4HC6mA.000","Q43qO4HC6mA","train"
"Q4z4GRUtccE.000","Q4z4GRUtccE","train"
"Q4z4GRUtccE.002","Q4z4GRUtccE","train"
"Q4z4GRUtccE.005","Q4z4GRUtccE","train"
"q5eIfoGdPWw.004","q5eIfoGdPWw","train"
"Q5h34e5xM0Q.000","Q5h34e5xM0Q","train"
"q6au1xn_wIE.001","q6au1xn_wIE","train"
"Q6We7dJplls.002","Q6We7dJplls","train"
"Q6We7dJplls.005","Q6We7dJplls","train"
"qAisk1lgv2I.003","qAisk1lgv2I","train"
"qBG1mjC7Zgg.000","qBG1mjC7Zgg","train"
"qBG1mjC7Zgg.004","qBG1mjC7Zgg","train"
"qBG1mjC7Zgg.005","qBG1mjC7Zgg","train"
"QBZieJiOl1w.001","QBZieJiOl1w","train"
"QBZieJiOl1w.003","QBZieJiOl1w","train"
"QBZieJiOl1w.004","QBZieJiOl1w","train"
"qCFFW1dM8V8.001","qCFFW1dM8V8","train"
"qCFFW1dM8V8.002","qCFFW1dM8V8","train"
"qCFFW1dM8V8.003","qCFFW1dM8V8","train"
"qCFFW1dM8V8.004","qCFFW1dM8V8","train"
"qCFFW1dM8V8.005","qCFFW1dM8V8","train"
"qcq5oIRJFUI.004","qcq5oIRJFUI","train"
"Q-cZz-M17PE.000","Q-cZz-M17PE","train"
"qD15qWMepxU.003","qD15qWMepxU","train"
"QdafN9Y_j-Y.001","QdafN9Y_j-Y","train"
"QDd2AfQEAqs.001","QDd2AfQEAqs","train"
"Qe7q8SFJ71E.004","Qe7q8SFJ71E","train"
"qfL0ml0f84g.003","qfL0ml0f84g","train"
"qfL0ml0f84g.004","qfL0ml0f84g","train"
"QfU5JsVMjfI.000","QfU5JsVMjfI","train"
"QfU5JsVMjfI.001","QfU5JsVMjfI","train"
"QfU5JsVMjfI.003","QfU5JsVMjfI","train"
"qFYgMFMal_s.005","qFYgMFMal_s","train"
"QiPb8vlGDFo.000","QiPb8vlGDFo","train"
"QiPb8vlGDFo.001","QiPb8vlGDFo","train"
"QiPb8vlGDFo.002","QiPb8vlGDFo","train"
"QiPb8vlGDFo.003","QiPb8vlGDFo","train"
"QiPb8vlGDFo.004","QiPb8vlGDFo","train"
"QipgesEKSNA.000","QipgesEKSNA","train"
"QipgesEKSNA.001","QipgesEKSNA","train"
"QipgesEKSNA.002","QipgesEKSNA","train"
"QipgesEKSNA.004","QipgesEKSNA","train"
"QiR6yJbFCfM.005","QiR6yJbFCfM","train"
"qj-3b8snKho.002","qj-3b8snKho","train"
"qJ6_xSx9kCM.002","qJ6_xSx9kCM","train"
"QJcc95Y0XPw.002","QJcc95Y0XPw","train"
"qjU3GX3jgSY.002","qjU3GX3jgSY","train"
"qjU3GX3jgSY.003","qjU3GX3jgSY","train"
"qjU3GX3jgSY.004","qjU3GX3jgSY","train"
"qjWi69HY2Fc.000","qjWi69HY2Fc","train"
"Qkao4XiSflU.003","Qkao4XiSflU","train"
"QKcx5msA7iA.000","QKcx5msA7iA","train"
"QKcx5msA7iA.003","QKcx5msA7iA","train"
"QKcx5msA7iA.004","QKcx5msA7iA","train"
"QKlawwZQK9M.000","QKlawwZQK9M","train"
"QKlawwZQK9M.001","QKlawwZQK9M","train"
"QKluS-uQIaM.002","QKluS-uQIaM","train"
"qkmEt0ofGq8.002","qkmEt0ofGq8","train"
"qkmEt0ofGq8.003","qkmEt0ofGq8","train"
"qkmEt0ofGq8.004","qkmEt0ofGq8","train"
"qktahyrtrFs.000","qktahyrtrFs","train"
"qktahyrtrFs.001","qktahyrtrFs","train"
"QlBgvZjbX30.000","QlBgvZjbX30","train"
"QlBgvZjbX30.002","QlBgvZjbX30","train"
"qLbOPbx33dk.001","qLbOPbx33dk","train"
"QlkTEWrSCBs.000","QlkTEWrSCBs","train"
"qLV1a_611kA.004","qLV1a_611kA","train"
"qMARpi60Hhs.000","qMARpi60Hhs","train"
"qMARpi60Hhs.004","qMARpi60Hhs","train"
"qmiBcHJpKR0.000","qmiBcHJpKR0","train"
"qmiBcHJpKR0.003","qmiBcHJpKR0","train"
"QMRAbwZCTfI.005","QMRAbwZCTfI","train"
"QNVsr2mGwGs.001","QNVsr2mGwGs","train"
"QNVsr2mGwGs.004","QNVsr2mGwGs","train"
"QNVsr2mGwGs.005","QNVsr2mGwGs","train"
"QovE6L-C9VY.000","QovE6L-C9VY","train"
"qoztP0w5-Vo.000","qoztP0w5-Vo","train"
"qoztP0w5-Vo.005","qoztP0w5-Vo","train"
"qoZwA4ESb7g.000","qoZwA4ESb7g","train"
"qoZwA4ESb7g.001","qoZwA4ESb7g","train"
"qoZwA4ESb7g.003","qoZwA4ESb7g","train"
"qP1UtCbMaW4.003","qP1UtCbMaW4","train"
"qP8YzH6LT9c.001","qP8YzH6LT9c","train"
"QpA0gj1y6KE.000","QpA0gj1y6KE","train"
"qpwcdPnPeFM.004","qpwcdPnPeFM","train"
"qPzzmcuf-VI.000","qPzzmcuf-VI","train"
"qPzzmcuf-VI.004","qPzzmcuf-VI","train"
"qPzzmcuf-VI.005","qPzzmcuf-VI","train"
"Qqc1539E6rs.002","Qqc1539E6rs","train"
"Qqc1539E6rs.003","Qqc1539E6rs","train"
"Qqc1539E6rs.005","Qqc1539E6rs","train"
"QqTw0lnrtBo.002","QqTw0lnrtBo","train"
"QqTw0lnrtBo.004","QqTw0lnrtBo","train"
"QQzeQOoqO20.001","QQzeQOoqO20","train"
"QQzeQOoqO20.005","QQzeQOoqO20","train"
"qr1C43Ylavg.001","qr1C43Ylavg","train"
"qr1C43Ylavg.004","qr1C43Ylavg","train"
"qr1C43Ylavg.005","qr1C43Ylavg","train"
"qrjx2kxg6M4.002","qrjx2kxg6M4","train"
"qRtKUGgULL8.000","qRtKUGgULL8","train"
"qRtKUGgULL8.002","qRtKUGgULL8","train"
"qRtKUGgULL8.005","qRtKUGgULL8","train"
"QS7TwjzkYiU.004","QS7TwjzkYiU","train"
"qsb1j9bEENs.000","qsb1j9bEENs","train"
"qsb1j9bEENs.002","qsb1j9bEENs","train"
"qsd4GdeN_eY.001","qsd4GdeN_eY","train"
"QsUj_OlGQ-0.000","QsUj_OlGQ-0","train"
"QsUj_OlGQ-0.002","QsUj_OlGQ-0","train"
"QsUj_OlGQ-0.004","QsUj_OlGQ-0","train"
"QsUj_OlGQ-0.005","QsUj_OlGQ-0","train"
"qtB-CogljAo.000","qtB-CogljAo","train"
"qtB-CogljAo.001","qtB-CogljAo","train"
"qtB-CogljAo.002","qtB-CogljAo","train"
"qtB-CogljAo.003","qtB-CogljAo","train"
"qtB-CogljAo.005","qtB-CogljAo","train"
"QTtTAFqT-no.004","QTtTAFqT-no","train"
"Qu81v9Aybv4.000","Qu81v9Aybv4","train"
"Qu81v9Aybv4.002","Qu81v9Aybv4","train"
"Qu81v9Aybv4.003","Qu81v9Aybv4","train"
"Qu81v9Aybv4.004","Qu81v9Aybv4","train"
"Qu81v9Aybv4.005","Qu81v9Aybv4","train"
"QuwVzi2tQrQ.005","QuwVzi2tQrQ","train"
"qVcw5-mm31s.000","qVcw5-mm31s","train"
"qVcw5-mm31s.004","qVcw5-mm31s","train"
"qVcw5-mm31s.005","qVcw5-mm31s","train"
"qVrXROy4Ais.000","qVrXROy4Ais","train"
"qVrXROy4Ais.001","qVrXROy4Ais","train"
"qVrXROy4Ais.004","qVrXROy4Ais","train"
"qW0TYVtzq5A.000","qW0TYVtzq5A","train"
"qW0TYVtzq5A.001","qW0TYVtzq5A","train"
"qW0TYVtzq5A.002","qW0TYVtzq5A","train"
"qW0TYVtzq5A.003","qW0TYVtzq5A","train"
"QXFRE_pjrAE.000","QXFRE_pjrAE","train"
"QXFRE_pjrAE.001","QXFRE_pjrAE","train"
"QXFRE_pjrAE.003","QXFRE_pjrAE","train"
"QyVTG0sGKg0.001","QyVTG0sGKg0","train"
"QyVTG0sGKg0.002","QyVTG0sGKg0","train"
"qyzuaettjU8.001","qyzuaettjU8","train"
"qyzuaettjU8.004","qyzuaettjU8","train"
"Qz_cjgCtDcM.001","Qz_cjgCtDcM","train"
"Qz_cjgCtDcM.003","Qz_cjgCtDcM","train"
"Qz_cjgCtDcM.005","Qz_cjgCtDcM","train"
"Qzu9b49qvKo.003","Qzu9b49qvKo","train"
"R_6hhFo7M3o.002","R_6hhFo7M3o","train"
"R_6hhFo7M3o.003","R_6hhFo7M3o","train"
"r_cVo5qZ9n0.002","r_cVo5qZ9n0","train"
"R_LJX7wszPY.000","R_LJX7wszPY","train"
"R0RURVpmU9M.004","R0RURVpmU9M","train"
"r1v6EmZv7-o.001","r1v6EmZv7-o","train"
"r1v6EmZv7-o.002","r1v6EmZv7-o","train"
"r1v6EmZv7-o.004","r1v6EmZv7-o","train"
"r1v6EmZv7-o.005","r1v6EmZv7-o","train"
"r1YAW67aevY.000","r1YAW67aevY","train"
"r1YAW67aevY.003","r1YAW67aevY","train"
"r1YAW67aevY.005","r1YAW67aevY","train"
"r2BoxB3kgYk.000","r2BoxB3kgYk","train"
"r2BoxB3kgYk.001","r2BoxB3kgYk","train"
"r2BoxB3kgYk.003","r2BoxB3kgYk","train"
"r2HcJYjGK5s.001","r2HcJYjGK5s","train"
"r2HcJYjGK5s.003","r2HcJYjGK5s","train"
"r2HcJYjGK5s.004","r2HcJYjGK5s","train"
"r2HcJYjGK5s.005","r2HcJYjGK5s","train"
"-R2SZu3SYgM.000","-R2SZu3SYgM","train"
"-R2SZu3SYgM.004","-R2SZu3SYgM","train"
"R42dmIPCXwo.001","R42dmIPCXwo","train"
"R42dmIPCXwo.003","R42dmIPCXwo","train"
"r4BGKIXrD9c.003","r4BGKIXrD9c","train"
"r4BGKIXrD9c.005","r4BGKIXrD9c","train"
"R5uXsQsO6Uo.002","R5uXsQsO6Uo","train"
"R6NTuhZtOks.003","R6NTuhZtOks","train"
"R6NTuhZtOks.005","R6NTuhZtOks","train"
"R8Gpa-rRywc.001","R8Gpa-rRywc","train"
"r93dLeVRk3U.002","r93dLeVRk3U","train"
"r93dLeVRk3U.003","r93dLeVRk3U","train"
"r9TaaVTo8Y8.000","r9TaaVTo8Y8","train"
"r9TaaVTo8Y8.001","r9TaaVTo8Y8","train"
"r9TaaVTo8Y8.002","r9TaaVTo8Y8","train"
"r9TaaVTo8Y8.003","r9TaaVTo8Y8","train"
"r9TaaVTo8Y8.004","r9TaaVTo8Y8","train"
"RB9vu-0Y_Fk.001","RB9vu-0Y_Fk","train"
"RbX4q4KceVk.000","RbX4q4KceVk","train"
"RbX4q4KceVk.003","RbX4q4KceVk","train"
"RbX4q4KceVk.004","RbX4q4KceVk","train"
"RbX4q4KceVk.005","RbX4q4KceVk","train"
"rBxWZzkEncE.002","rBxWZzkEncE","train"
"rBxWZzkEncE.003","rBxWZzkEncE","train"
"rBxWZzkEncE.004","rBxWZzkEncE","train"
"RCr48dXuZYE.002","RCr48dXuZYE","train"
"rCxlfusNJlY.000","rCxlfusNJlY","train"
"rCxlfusNJlY.001","rCxlfusNJlY","train"
"rCxlfusNJlY.002","rCxlfusNJlY","train"
"rD6NViDdyOU.001","rD6NViDdyOU","train"
"rD6NViDdyOU.002","rD6NViDdyOU","train"
"rD6NViDdyOU.005","rD6NViDdyOU","train"
"RdHnu7ZxjzI.000","RdHnu7ZxjzI","train"
"RdHnu7ZxjzI.002","RdHnu7ZxjzI","train"
"RDOngWykAQU.000","RDOngWykAQU","train"
"RDOngWykAQU.002","RDOngWykAQU","train"
"RDOngWykAQU.003","RDOngWykAQU","train"
"REAxeTWo1QM.002","REAxeTWo1QM","train"
"rFs0AC2qV6o.000","rFs0AC2qV6o","train"
"rFs0AC2qV6o.001","rFs0AC2qV6o","train"
"rG8D-A2F8xg.003","rG8D-A2F8xg","train"
"rG8D-A2F8xg.004","rG8D-A2F8xg","train"
"rG8D-A2F8xg.005","rG8D-A2F8xg","train"
"rGNeR3p1jKU.000","rGNeR3p1jKU","train"
"rGNeR3p1jKU.001","rGNeR3p1jKU","train"
"rGTn2uaCAT0.002","rGTn2uaCAT0","train"
"rGTn2uaCAT0.003","rGTn2uaCAT0","train"
"rGTn2uaCAT0.004","rGTn2uaCAT0","train"
"rGTn2uaCAT0.005","rGTn2uaCAT0","train"
"RGuHfwIRKpA.000","RGuHfwIRKpA","train"
"RGuHfwIRKpA.001","RGuHfwIRKpA","train"
"RgZTZIf8K8g.000","RgZTZIf8K8g","train"
"RgZTZIf8K8g.001","RgZTZIf8K8g","train"
"RgZTZIf8K8g.002","RgZTZIf8K8g","train"
"RgZTZIf8K8g.003","RgZTZIf8K8g","train"
"RHEkTC8UfME.000","RHEkTC8UfME","train"
"RHEkTC8UfME.003","RHEkTC8UfME","train"
"RhFPotjd0hM.002","RhFPotjd0hM","train"
"RhFPotjd0hM.003","RhFPotjd0hM","train"
"RhFPotjd0hM.004","RhFPotjd0hM","train"
"rhKVPhhWHko.002","rhKVPhhWHko","train"
"-RhPxhfpg4U.001","-RhPxhfpg4U","train"
"-RhPxhfpg4U.003","-RhPxhfpg4U","train"
"-RhPxhfpg4U.005","-RhPxhfpg4U","train"
"RhSWpef2e6s.000","RhSWpef2e6s","train"
"rIHcq2E67Nc.003","rIHcq2E67Nc","train"
"rIHcq2E67Nc.005","rIHcq2E67Nc","train"
"rIRBEkDhn6Q.002","rIRBEkDhn6Q","train"
"rIRBEkDhn6Q.003","rIRBEkDhn6Q","train"
"rIRBEkDhn6Q.004","rIRBEkDhn6Q","train"
"rIRBEkDhn6Q.005","rIRBEkDhn6Q","train"
"rJgbslC72gw.001","rJgbslC72gw","train"
"rJgbslC72gw.003","rJgbslC72gw","train"
"rjS0PIwS47M.001","rjS0PIwS47M","train"
"RlaaCqle7tY.003","RlaaCqle7tY","train"
"RlaaCqle7tY.005","RlaaCqle7tY","train"
"RlUuWWWFrhM.005","RlUuWWWFrhM","train"
"RMA5HIyEsXc.000","RMA5HIyEsXc","train"
"rMFJmA5dRFQ.000","rMFJmA5dRFQ","train"
"Rops7WYMCCY.000","Rops7WYMCCY","train"
"Rops7WYMCCY.001","Rops7WYMCCY","train"
"Rops7WYMCCY.002","Rops7WYMCCY","train"
"Rops7WYMCCY.003","Rops7WYMCCY","train"
"ROTx-0q1F9M.001","ROTx-0q1F9M","train"
"ROTx-0q1F9M.004","ROTx-0q1F9M","train"
"ROTx-0q1F9M.005","ROTx-0q1F9M","train"
"Rp_gyvKE4hI.000","Rp_gyvKE4hI","train"
"Rp_gyvKE4hI.001","Rp_gyvKE4hI","train"
"Rp_gyvKE4hI.002","Rp_gyvKE4hI","train"
"Rp_gyvKE4hI.004","Rp_gyvKE4hI","train"
"Rp_gyvKE4hI.005","Rp_gyvKE4hI","train"
"R-qB2FX7ZbE.001","R-qB2FX7ZbE","train"
"R-qB2FX7ZbE.004","R-qB2FX7ZbE","train"
"RQdZHLGGR_E.001","RQdZHLGGR_E","train"
"RQeoo3idUJc.004","RQeoo3idUJc","train"
"rqfvIjzegpI.000","rqfvIjzegpI","train"
"rqfvIjzegpI.001","rqfvIjzegpI","train"
"rqfvIjzegpI.005","rqfvIjzegpI","train"
"rrdSLfnU2pg.000","rrdSLfnU2pg","train"
"rrdSLfnU2pg.003","rrdSLfnU2pg","train"
"RrvG7JlKoXM.002","RrvG7JlKoXM","train"
"RrvG7JlKoXM.004","RrvG7JlKoXM","train"
"RrvG7JlKoXM.005","RrvG7JlKoXM","train"
"RsjDkkvJirs.005","RsjDkkvJirs","train"
"RsYSOFRFszk.001","RsYSOFRFszk","train"
"RsYSOFRFszk.004","RsYSOFRFszk","train"
"Rsz-26AaL2o.001","Rsz-26AaL2o","train"
"rT0TqakPrAI.000","rT0TqakPrAI","train"
"rtEASqA8_WE.000","rtEASqA8_WE","train"
"rTG9gtci67c.001","rTG9gtci67c","train"
"rTG9gtci67c.002","rTG9gtci67c","train"
"rTG9gtci67c.004","rTG9gtci67c","train"
"rTG9gtci67c.005","rTG9gtci67c","train"
"RthpiC1KtSg.000","RthpiC1KtSg","train"
"RthpiC1KtSg.003","RthpiC1KtSg","train"
"RthpiC1KtSg.004","RthpiC1KtSg","train"
"RTJK4Duuxsc.003","RTJK4Duuxsc","train"
"RtNylXap2qk.000","RtNylXap2qk","train"
"RtNylXap2qk.001","RtNylXap2qk","train"
"RtNylXap2qk.005","RtNylXap2qk","train"
"rUGAiuYHNgE.000","rUGAiuYHNgE","train"
"rUGAiuYHNgE.002","rUGAiuYHNgE","train"
"rUGAiuYHNgE.004","rUGAiuYHNgE","train"
"RuRn2t7iPSc.000","RuRn2t7iPSc","train"
"RuRn2t7iPSc.002","RuRn2t7iPSc","train"
"RuRn2t7iPSc.004","RuRn2t7iPSc","train"
"rvB9DYAKHpk.000","rvB9DYAKHpk","train"
"rvB9DYAKHpk.001","rvB9DYAKHpk","train"
"rvB9DYAKHpk.002","rvB9DYAKHpk","train"
"R-vly7LKotQ.003","R-vly7LKotQ","train"
"RvoxbgEP49Q.003","RvoxbgEP49Q","train"
"RvoxbgEP49Q.005","RvoxbgEP49Q","train"
"Rw_ZLT9vZTI.003","Rw_ZLT9vZTI","train"
"Rw_ZLT9vZTI.005","Rw_ZLT9vZTI","train"
"rW3hFpfGMHs.003","rW3hFpfGMHs","train"
"RW4a2ERzTO8.000","RW4a2ERzTO8","train"
"RWfY3Xk0XPQ.002","RWfY3Xk0XPQ","train"
"RWfY3Xk0XPQ.003","RWfY3Xk0XPQ","train"
"RWfY3Xk0XPQ.005","RWfY3Xk0XPQ","train"
"RWhyKkFI3zw.001","RWhyKkFI3zw","train"
"RWhyKkFI3zw.004","RWhyKkFI3zw","train"
"RWhyKkFI3zw.005","RWhyKkFI3zw","train"
"rwinPicu_aw.000","rwinPicu_aw","train"
"rwinPicu_aw.001","rwinPicu_aw","train"
"rwinPicu_aw.002","rwinPicu_aw","train"
"Rwsss8y1bf0.000","Rwsss8y1bf0","train"
"Rwsss8y1bf0.002","Rwsss8y1bf0","train"
"Rwsss8y1bf0.004","Rwsss8y1bf0","train"
"rWT8N_yjf60.005","rWT8N_yjf60","train"
"rXoCKj1qwn4.001","rXoCKj1qwn4","train"
"rxYWgXYTATs.000","rxYWgXYTATs","train"
"rxYWgXYTATs.001","rxYWgXYTATs","train"
"rxYWgXYTATs.002","rxYWgXYTATs","train"
"rxYWgXYTATs.003","rxYWgXYTATs","train"
"rxYWgXYTATs.005","rxYWgXYTATs","train"
"Ry5JJvTfP-8.002","Ry5JJvTfP-8","train"
"Ry5JJvTfP-8.004","Ry5JJvTfP-8","train"
"RYG6XhdmPY0.001","RYG6XhdmPY0","train"
"RYG6XhdmPY0.002","RYG6XhdmPY0","train"
"RYG6XhdmPY0.004","RYG6XhdmPY0","train"
"RYG6XhdmPY0.005","RYG6XhdmPY0","train"
"RZgTERiRDjA.001","RZgTERiRDjA","train"
"rzKtAeWgZH0.003","rzKtAeWgZH0","train"
"RZOimXPTG0s.000","RZOimXPTG0s","train"
"RZOimXPTG0s.002","RZOimXPTG0s","train"
"RZOimXPTG0s.003","RZOimXPTG0s","train"
"s0MKUEnyHSE.003","s0MKUEnyHSE","train"
"s0pgZM5G6ds.003","s0pgZM5G6ds","train"
"s0pgZM5G6ds.004","s0pgZM5G6ds","train"
"S0QIXcQGG-g.000","S0QIXcQGG-g","train"
"S0QIXcQGG-g.001","S0QIXcQGG-g","train"
"S0QIXcQGG-g.002","S0QIXcQGG-g","train"
"S0QIXcQGG-g.004","S0QIXcQGG-g","train"
"S1AEj1kO5dc.002","S1AEj1kO5dc","train"
"S1AEj1kO5dc.004","S1AEj1kO5dc","train"
"S1AEj1kO5dc.005","S1AEj1kO5dc","train"
"s1DOqsQoN5s.001","s1DOqsQoN5s","train"
"s1DOqsQoN5s.002","s1DOqsQoN5s","train"
"s1DOqsQoN5s.003","s1DOqsQoN5s","train"
"s3m8DgUi6GM.000","s3m8DgUi6GM","train"
"s3m8DgUi6GM.001","s3m8DgUi6GM","train"
"s3m8DgUi6GM.004","s3m8DgUi6GM","train"
"s6gN_358tk4.001","s6gN_358tk4","train"
"s6N1pv5lzrU.002","s6N1pv5lzrU","train"
"s6N1pv5lzrU.003","s6N1pv5lzrU","train"
"s85T4B1ONWE.005","s85T4B1ONWE","train"
"sa7E6SrSmEs.003","sa7E6SrSmEs","train"
"Sa7iqqSbaTU.000","Sa7iqqSbaTU","train"
"Sa7iqqSbaTU.002","Sa7iqqSbaTU","train"
"saTSCzI1dKo.004","saTSCzI1dKo","train"
"Sb1b8JMVhLs.000","Sb1b8JMVhLs","train"
"Sb1b8JMVhLs.002","Sb1b8JMVhLs","train"
"Sb1b8JMVhLs.005","Sb1b8JMVhLs","train"
"SBEad3L1Hdc.000","SBEad3L1Hdc","train"
"SBEad3L1Hdc.001","SBEad3L1Hdc","train"
"SBEad3L1Hdc.003","SBEad3L1Hdc","train"
"sBHv1jYmZQE.000","sBHv1jYmZQE","train"
"sBHv1jYmZQE.003","sBHv1jYmZQE","train"
"sBHv1jYmZQE.004","sBHv1jYmZQE","train"
"SbtIS7XwkLU.001","SbtIS7XwkLU","train"
"SbtIS7XwkLU.005","SbtIS7XwkLU","train"
"sBw7VHQ74SY.005","sBw7VHQ74SY","train"
"scifP1EXSdo.001","scifP1EXSdo","train"
"SCnQFpdklMg.001","SCnQFpdklMg","train"
"SCnQFpdklMg.002","SCnQFpdklMg","train"
"SCnQFpdklMg.004","SCnQFpdklMg","train"
"SCnQFpdklMg.005","SCnQFpdklMg","train"
"SCZLT4fH5B8.000","SCZLT4fH5B8","train"
"SCZLT4fH5B8.001","SCZLT4fH5B8","train"
"sDfU1gixDmM.000","sDfU1gixDmM","train"
"sDNzrM6N7wA.000","sDNzrM6N7wA","train"
"sDNzrM6N7wA.003","sDNzrM6N7wA","train"
"Sdqg-jn_tBk.000","Sdqg-jn_tBk","train"
"Sdqg-jn_tBk.001","Sdqg-jn_tBk","train"
"Sdqg-jn_tBk.004","Sdqg-jn_tBk","train"
"sduFj_uaZ-w.000","sduFj_uaZ-w","train"
"sDWJMBZ1mVA.001","sDWJMBZ1mVA","train"
"sDWJMBZ1mVA.002","sDWJMBZ1mVA","train"
"sDWJMBZ1mVA.003","sDWJMBZ1mVA","train"
"sDWJMBZ1mVA.005","sDWJMBZ1mVA","train"
"Se3Gts4u1vs.000","Se3Gts4u1vs","train"
"Se3Gts4u1vs.005","Se3Gts4u1vs","train"
"S-e9-bW4seo.001","S-e9-bW4seo","train"
"S-e9-bW4seo.004","S-e9-bW4seo","train"
"SEELGB_-uWU.001","SEELGB_-uWU","train"
"SEELGB_-uWU.002","SEELGB_-uWU","train"
"SEELGB_-uWU.003","SEELGB_-uWU","train"
"SEELGB_-uWU.005","SEELGB_-uWU","train"
"sf29orxf4X0.000","sf29orxf4X0","train"
"sf29orxf4X0.002","sf29orxf4X0","train"
"sf29orxf4X0.003","sf29orxf4X0","train"
"sf8TXpaKnt4.001","sf8TXpaKnt4","train"
"SfldZBPyPFo.001","SfldZBPyPFo","train"
"SfldZBPyPFo.002","SfldZBPyPFo","train"
"SfldZBPyPFo.003","SfldZBPyPFo","train"
"SFRis1tTZWk.002","SFRis1tTZWk","train"
"SFRis1tTZWk.003","SFRis1tTZWk","train"
"SFxiMxHvJuo.000","SFxiMxHvJuo","train"
"SFxiMxHvJuo.001","SFxiMxHvJuo","train"
"SFxiMxHvJuo.005","SFxiMxHvJuo","train"
"SG2QAh_50ek.001","SG2QAh_50ek","train"
"SG2QAh_50ek.005","SG2QAh_50ek","train"
"SgWtBK48AjE.001","SgWtBK48AjE","train"
"SgzOYog1pH4.001","SgzOYog1pH4","train"
"SgzOYog1pH4.003","SgzOYog1pH4","train"
"shAhNNV-zHA.000","shAhNNV-zHA","train"
"shAhNNV-zHA.001","shAhNNV-zHA","train"
"shAhNNV-zHA.002","shAhNNV-zHA","train"
"shAhNNV-zHA.004","shAhNNV-zHA","train"
"shAhNNV-zHA.005","shAhNNV-zHA","train"
"shEsu57CYnA.001","shEsu57CYnA","train"
"shEsu57CYnA.002","shEsu57CYnA","train"
"shEsu57CYnA.003","shEsu57CYnA","train"
"shEsu57CYnA.004","shEsu57CYnA","train"
"shEsu57CYnA.005","shEsu57CYnA","train"
"Shf0JB_MutI.001","Shf0JB_MutI","train"
"shQmRW4CrGE.000","shQmRW4CrGE","train"
"shtirfEzWFA.000","shtirfEzWFA","train"
"shtirfEzWFA.001","shtirfEzWFA","train"
"shtirfEzWFA.002","shtirfEzWFA","train"
"shV5Fbzn9pw.002","shV5Fbzn9pw","train"
"shV5Fbzn9pw.003","shV5Fbzn9pw","train"
"sHVXhr7_EOs.002","sHVXhr7_EOs","train"
"sHVXhr7_EOs.003","sHVXhr7_EOs","train"
"si_gZCrLa4A.001","si_gZCrLa4A","train"
"si_gZCrLa4A.002","si_gZCrLa4A","train"
"si_gZCrLa4A.005","si_gZCrLa4A","train"
"SI93csgHMTk.004","SI93csgHMTk","train"
"siEnTktB4lQ.001","siEnTktB4lQ","train"
"siEnTktB4lQ.002","siEnTktB4lQ","train"
"siEnTktB4lQ.004","siEnTktB4lQ","train"
"sIfHl2N8Hkg.004","sIfHl2N8Hkg","train"
"simc6hmrUOE.000","simc6hmrUOE","train"
"simc6hmrUOE.005","simc6hmrUOE","train"
"SIpQm4G4DDg.000","SIpQm4G4DDg","train"
"SIpQm4G4DDg.004","SIpQm4G4DDg","train"
"S-jhg6Y5OrE.001","S-jhg6Y5OrE","train"
"s-jZlMKQGwc.000","s-jZlMKQGwc","train"
"s-jZlMKQGwc.002","s-jZlMKQGwc","train"
"s-jZlMKQGwc.003","s-jZlMKQGwc","train"
"SkNO4x-LSgE.004","SkNO4x-LSgE","train"
"SkNO4x-LSgE.005","SkNO4x-LSgE","train"
"slE2PWIwzus.002","slE2PWIwzus","train"
"SM0i7RkOjPk.000","SM0i7RkOjPk","train"
"SM0i7RkOjPk.005","SM0i7RkOjPk","train"
"sNPK8f4FSfo.001","sNPK8f4FSfo","train"
"sNs4yCA11wk.000","sNs4yCA11wk","train"
"sNs4yCA11wk.001","sNs4yCA11wk","train"
"sNs4yCA11wk.002","sNs4yCA11wk","train"
"sNs4yCA11wk.003","sNs4yCA11wk","train"
"sNs4yCA11wk.005","sNs4yCA11wk","train"
"sntohi33U5s.000","sntohi33U5s","train"
"sntohi33U5s.001","sntohi33U5s","train"
"sntohi33U5s.004","sntohi33U5s","train"
"sntohi33U5s.005","sntohi33U5s","train"
"SoHlnvNirJg.001","SoHlnvNirJg","train"
"sOkGz6gEmGk.000","sOkGz6gEmGk","train"
"sOkGz6gEmGk.001","sOkGz6gEmGk","train"
"sOkGz6gEmGk.002","sOkGz6gEmGk","train"
"sOkGz6gEmGk.003","sOkGz6gEmGk","train"
"SOxdUtjGmAo.001","SOxdUtjGmAo","train"
"SOxdUtjGmAo.002","SOxdUtjGmAo","train"
"SOxdUtjGmAo.003","SOxdUtjGmAo","train"
"SPD5fXHVyIk.002","SPD5fXHVyIk","train"
"SPD5fXHVyIk.004","SPD5fXHVyIk","train"
"sPMNhG1Sehc.004","sPMNhG1Sehc","train"
"sPMNhG1Sehc.005","sPMNhG1Sehc","train"
"SPpox8EGQqU.001","SPpox8EGQqU","train"
"sqnW6xXYTKg.000","sqnW6xXYTKg","train"
"sqnW6xXYTKg.001","sqnW6xXYTKg","train"
"sqnW6xXYTKg.002","sqnW6xXYTKg","train"
"sqnW6xXYTKg.003","sqnW6xXYTKg","train"
"squHxV3QXlQ.002","squHxV3QXlQ","train"
"SR1Q5M2urxY.003","SR1Q5M2urxY","train"
"SR1Q5M2urxY.004","SR1Q5M2urxY","train"
"SRjhmQTPOmA.002","SRjhmQTPOmA","train"
"SRjhmQTPOmA.004","SRjhmQTPOmA","train"
"SRjhmQTPOmA.005","SRjhmQTPOmA","train"
"sRuO_Fz3eog.004","sRuO_Fz3eog","train"
"SsoZjq7x4MA.000","SsoZjq7x4MA","train"
"SsoZjq7x4MA.004","SsoZjq7x4MA","train"
"sSR1a5XW7n4.001","sSR1a5XW7n4","train"
"sSR1a5XW7n4.002","sSR1a5XW7n4","train"
"ssxo35zmKWQ.001","ssxo35zmKWQ","train"
"ssxo35zmKWQ.002","ssxo35zmKWQ","train"
"ssxo35zmKWQ.003","ssxo35zmKWQ","train"
"ssxo35zmKWQ.004","ssxo35zmKWQ","train"
"ssxo35zmKWQ.005","ssxo35zmKWQ","train"
"sSYCMN-WHmI.000","sSYCMN-WHmI","train"
"struoSVUsUg.002","struoSVUsUg","train"
"struoSVUsUg.005","struoSVUsUg","train"
"sTUJhj154Sc.002","sTUJhj154Sc","train"
"sTUJhj154Sc.003","sTUJhj154Sc","train"
"sTUJhj154Sc.005","sTUJhj154Sc","train"
"SUI6WNryjqw.000","SUI6WNryjqw","train"
"SUI6WNryjqw.002","SUI6WNryjqw","train"
"SUI6WNryjqw.003","SUI6WNryjqw","train"
"SUY_HDzgvGA.003","SUY_HDzgvGA","train"
"SxKLweLx_ZE.000","SxKLweLx_ZE","train"
"SxRNdq2nGN0.000","SxRNdq2nGN0","train"
"SxRNdq2nGN0.001","SxRNdq2nGN0","train"
"SxRNdq2nGN0.002","SxRNdq2nGN0","train"
"sY4urmZmhJA.002","sY4urmZmhJA","train"
"SyaRn3MHEIE.003","SyaRn3MHEIE","train"
"SyaRn3MHEIE.004","SyaRn3MHEIE","train"
"syAUKJMQWeo.001","syAUKJMQWeo","train"
"SYlV95nPTPs.001","SYlV95nPTPs","train"
"syTTeox8Yaw.002","syTTeox8Yaw","train"
"syTTeox8Yaw.003","syTTeox8Yaw","train"
"T_X16g5ExgE.005","T_X16g5ExgE","train"
"t0_DAgeU4nM.002","t0_DAgeU4nM","train"
"t0_DAgeU4nM.003","t0_DAgeU4nM","train"
"t0AupkXkkZw.001","t0AupkXkkZw","train"
"t0AupkXkkZw.003","t0AupkXkkZw","train"
"t0AupkXkkZw.004","t0AupkXkkZw","train"
"t0AupkXkkZw.005","t0AupkXkkZw","train"
"T0drx76OLAc.000","T0drx76OLAc","train"
"T1_6sVNHG70.000","T1_6sVNHG70","train"
"T1_6sVNHG70.001","T1_6sVNHG70","train"
"T1_6sVNHG70.005","T1_6sVNHG70","train"
"T1--98_78ns.003","T1--98_78ns","train"
"t1PKNXE-IiM.000","t1PKNXE-IiM","train"
"t1PKNXE-IiM.001","t1PKNXE-IiM","train"
"t1PKNXE-IiM.005","t1PKNXE-IiM","train"
"T1tJTwlGqOM.000","T1tJTwlGqOM","train"
"T1tJTwlGqOM.001","T1tJTwlGqOM","train"
"T1tJTwlGqOM.004","T1tJTwlGqOM","train"
"T1tJTwlGqOM.005","T1tJTwlGqOM","train"
"t30ERiF6b50.000","t30ERiF6b50","train"
"t30ERiF6b50.003","t30ERiF6b50","train"
"t3A2UMN3JeE.000","t3A2UMN3JeE","train"
"t3A2UMN3JeE.002","t3A2UMN3JeE","train"
"t3A2UMN3JeE.003","t3A2UMN3JeE","train"
"T3v3-2tvV0s.000","T3v3-2tvV0s","train"
"T4eZ81aJwJI.000","T4eZ81aJwJI","train"
"T4eZ81aJwJI.003","T4eZ81aJwJI","train"
"T4eZ81aJwJI.004","T4eZ81aJwJI","train"
"T4eZ81aJwJI.005","T4eZ81aJwJI","train"
"T6CMGXdPUTA.000","T6CMGXdPUTA","train"
"T6CMGXdPUTA.001","T6CMGXdPUTA","train"
"T6CMGXdPUTA.002","T6CMGXdPUTA","train"
"t6-ljEWQjW8.000","t6-ljEWQjW8","train"
"t6-ljEWQjW8.002","t6-ljEWQjW8","train"
"t6-ljEWQjW8.005","t6-ljEWQjW8","train"
"t899haDGi38.002","t899haDGi38","train"
"t899haDGi38.003","t899haDGi38","train"
"t899haDGi38.004","t899haDGi38","train"
"t899haDGi38.005","t899haDGi38","train"
"T8ibN-b3h7Y.001","T8ibN-b3h7Y","train"
"t9wFHk9TM-U.002","t9wFHk9TM-U","train"
"t9wFHk9TM-U.003","t9wFHk9TM-U","train"
"T9xSEBSaL7Q.003","T9xSEBSaL7Q","train"
"Tad9Q9OFjJw.002","Tad9Q9OFjJw","train"
"Tad9Q9OFjJw.003","Tad9Q9OFjJw","train"
"Tad9Q9OFjJw.004","Tad9Q9OFjJw","train"
"TaL5JleXDP8.003","TaL5JleXDP8","train"
"TaL5JleXDP8.005","TaL5JleXDP8","train"
"taSAaWKcmTw.000","taSAaWKcmTw","train"
"taSAaWKcmTw.002","taSAaWKcmTw","train"
"taSAaWKcmTw.004","taSAaWKcmTw","train"
"taSAaWKcmTw.005","taSAaWKcmTw","train"
"TaTMtWvSmu4.000","TaTMtWvSmu4","train"
"TaTMtWvSmu4.001","TaTMtWvSmu4","train"
"TaTMtWvSmu4.003","TaTMtWvSmu4","train"
"TaTMtWvSmu4.004","TaTMtWvSmu4","train"
"tBQlU4_cIS0.000","tBQlU4_cIS0","train"
"Tch2Bt9b8AY.001","Tch2Bt9b8AY","train"
"tcmYlyeqwuI.003","tcmYlyeqwuI","train"
"tcmYlyeqwuI.004","tcmYlyeqwuI","train"
"tCnfvBwWVKw.000","tCnfvBwWVKw","train"
"tCnfvBwWVKw.002","tCnfvBwWVKw","train"
"tCnfvBwWVKw.003","tCnfvBwWVKw","train"
"TCzYD74Xqe8.000","TCzYD74Xqe8","train"
"TCzYD74Xqe8.002","TCzYD74Xqe8","train"
"TD2jIXMD-SM.001","TD2jIXMD-SM","train"
"TD2jIXMD-SM.002","TD2jIXMD-SM","train"
"TD2jIXMD-SM.005","TD2jIXMD-SM","train"
"TD3H2DOSi1Y.001","TD3H2DOSi1Y","train"
"TEGJrmNFvXY.001","TEGJrmNFvXY","train"
"TEGJrmNFvXY.004","TEGJrmNFvXY","train"
"TeNC9wOhlXM.000","TeNC9wOhlXM","train"
"tepWDnvIuRg.001","tepWDnvIuRg","train"
"tepWDnvIuRg.002","tepWDnvIuRg","train"
"tepWDnvIuRg.003","tepWDnvIuRg","train"
"tepWDnvIuRg.004","tepWDnvIuRg","train"
"tepWDnvIuRg.005","tepWDnvIuRg","train"
"tEQEKN07KgQ.000","tEQEKN07KgQ","train"
"tEQEKN07KgQ.001","tEQEKN07KgQ","train"
"tEQEKN07KgQ.003","tEQEKN07KgQ","train"
"tEQEKN07KgQ.004","tEQEKN07KgQ","train"
"tEQEKN07KgQ.005","tEQEKN07KgQ","train"
"teRgvZ63_2I.001","teRgvZ63_2I","train"
"teRgvZ63_2I.003","teRgvZ63_2I","train"
"tg0i-zxvQXk.000","tg0i-zxvQXk","train"
"Tg8a_iNEamM.000","Tg8a_iNEamM","train"
"Tg8a_iNEamM.005","Tg8a_iNEamM","train"
"tGHOYmQHZUc.001","tGHOYmQHZUc","train"
"THO-md3eEkA.000","THO-md3eEkA","train"
"THO-md3eEkA.003","THO-md3eEkA","train"
"THO-md3eEkA.004","THO-md3eEkA","train"
"tHYxFw-7po8.001","tHYxFw-7po8","train"
"TiQF5QduRNE.003","TiQF5QduRNE","train"
"TIRrlL71dEQ.000","TIRrlL71dEQ","train"
"TIRrlL71dEQ.005","TIRrlL71dEQ","train"
"tiVKJWLzmk4.000","tiVKJWLzmk4","train"
"tiVKJWLzmk4.001","tiVKJWLzmk4","train"
"tiVKJWLzmk4.004","tiVKJWLzmk4","train"
"TJD__22fOr0.000","TJD__22fOr0","train"
"TJJJfJfj46M.001","TJJJfJfj46M","train"
"Tm44tg1zPwU.004","Tm44tg1zPwU","train"
"T-mK85acIOc.004","T-mK85acIOc","train"
"T-mK85acIOc.005","T-mK85acIOc","train"
"TmpP2fXeVtk.000","TmpP2fXeVtk","train"
"TmpP2fXeVtk.002","TmpP2fXeVtk","train"
"TmpP2fXeVtk.003","TmpP2fXeVtk","train"
"TmyDT-HC3qI.001","TmyDT-HC3qI","train"
"TmyDT-HC3qI.002","TmyDT-HC3qI","train"
"TNjEJGdqmH0.000","TNjEJGdqmH0","train"
"TNjEJGdqmH0.001","TNjEJGdqmH0","train"
"TNjEJGdqmH0.002","TNjEJGdqmH0","train"
"TNjEJGdqmH0.003","TNjEJGdqmH0","train"
"TNjEJGdqmH0.005","TNjEJGdqmH0","train"
"tNPLxKC38Xs.000","tNPLxKC38Xs","train"
"tNPLxKC38Xs.002","tNPLxKC38Xs","train"
"tNPLxKC38Xs.003","tNPLxKC38Xs","train"
"tNPLxKC38Xs.004","tNPLxKC38Xs","train"
"TNtcyfM9jak.000","TNtcyfM9jak","train"
"TNtcyfM9jak.001","TNtcyfM9jak","train"
"TNtcyfM9jak.002","TNtcyfM9jak","train"
"TNtcyfM9jak.003","TNtcyfM9jak","train"
"TNtcyfM9jak.005","TNtcyfM9jak","train"
"tOifNTq8jPw.005","tOifNTq8jPw","train"
"tomb22yfjTc.001","tomb22yfjTc","train"
"tomb22yfjTc.002","tomb22yfjTc","train"
"TPk6KiHuPag.000","TPk6KiHuPag","train"
"TPk6KiHuPag.001","TPk6KiHuPag","train"
"TPk6KiHuPag.003","TPk6KiHuPag","train"
"TPk6KiHuPag.004","TPk6KiHuPag","train"
"TPRQyuiNYmI.002","TPRQyuiNYmI","train"
"tPVSlH_VmZk.001","tPVSlH_VmZk","train"
"TQHzCznQ14Y.000","TQHzCznQ14Y","train"
"TQHzCznQ14Y.003","TQHzCznQ14Y","train"
"Tr3A7WODEuM.001","Tr3A7WODEuM","train"
"tS6bRcIIjDc.000","tS6bRcIIjDc","train"
"tS6bRcIIjDc.001","tS6bRcIIjDc","train"
"tS6bRcIIjDc.002","tS6bRcIIjDc","train"
"tS6bRcIIjDc.003","tS6bRcIIjDc","train"
"tS6bRcIIjDc.004","tS6bRcIIjDc","train"
"tS6bRcIIjDc.005","tS6bRcIIjDc","train"
"TSGpD2NBeCQ.002","TSGpD2NBeCQ","train"
"TTuysItuSdo.004","TTuysItuSdo","train"
"TTx4lC7LLcI.000","TTx4lC7LLcI","train"
"TTx4lC7LLcI.001","TTx4lC7LLcI","train"
"TUaOp5eIU2c.000","TUaOp5eIU2c","train"
"TUaOp5eIU2c.001","TUaOp5eIU2c","train"
"TUaOp5eIU2c.002","TUaOp5eIU2c","train"
"TUaOp5eIU2c.003","TUaOp5eIU2c","train"
"TursJyaFzqY.000","TursJyaFzqY","train"
"TursJyaFzqY.002","TursJyaFzqY","train"
"TursJyaFzqY.003","TursJyaFzqY","train"
"TursJyaFzqY.004","TursJyaFzqY","train"
"TursJyaFzqY.005","TursJyaFzqY","train"
"tutTFKP_fdg.000","tutTFKP_fdg","train"
"tutTFKP_fdg.005","tutTFKP_fdg","train"
"tvKUJujTUEo.001","tvKUJujTUEo","train"
"tvKUJujTUEo.003","tvKUJujTUEo","train"
"tvKUJujTUEo.004","tvKUJujTUEo","train"
"tvKUJujTUEo.005","tvKUJujTUEo","train"
"tw6lY2ptkvo.002","tw6lY2ptkvo","train"
"TWKKCoT4FTc.001","TWKKCoT4FTc","train"
"twmdh5zdvfg.000","twmdh5zdvfg","train"
"twO6ceVTuII.001","twO6ceVTuII","train"
"twO6ceVTuII.002","twO6ceVTuII","train"
"twO6ceVTuII.003","twO6ceVTuII","train"
"twO6ceVTuII.005","twO6ceVTuII","train"
"TwWDFpN3occ.001","TwWDFpN3occ","train"
"TwWDFpN3occ.002","TwWDFpN3occ","train"
"TwWDFpN3occ.003","TwWDFpN3occ","train"
"txU8yE9d-4k.001","txU8yE9d-4k","train"
"txU8yE9d-4k.003","txU8yE9d-4k","train"
"txU8yE9d-4k.005","txU8yE9d-4k","train"
"tYpxPqwle5k.005","tYpxPqwle5k","train"
"tZiRqu8joX8.003","tZiRqu8joX8","train"
"TzW_VxrCR30.002","TzW_VxrCR30","train"
"U_QQ8EuuWPg.000","U_QQ8EuuWPg","train"
"U_QQ8EuuWPg.001","U_QQ8EuuWPg","train"
"U_QQ8EuuWPg.002","U_QQ8EuuWPg","train"
"U_QQ8EuuWPg.003","U_QQ8EuuWPg","train"
"U_QQ8EuuWPg.005","U_QQ8EuuWPg","train"
"u_qvbRpm88k.002","u_qvbRpm88k","train"
"u_qvbRpm88k.005","u_qvbRpm88k","train"
"u0NIAbS0mDM.001","u0NIAbS0mDM","train"
"U22Jy0m5xSQ.001","U22Jy0m5xSQ","train"
"U22Jy0m5xSQ.005","U22Jy0m5xSQ","train"
"U2lT_RogJMM.001","U2lT_RogJMM","train"
"U2RemWUyjts.000","U2RemWUyjts","train"
"U2RemWUyjts.003","U2RemWUyjts","train"
"u2XbiBuuxyI.001","u2XbiBuuxyI","train"
"U3UaF1aFek4.001","U3UaF1aFek4","train"
"U3UaF1aFek4.002","U3UaF1aFek4","train"
"U3UaF1aFek4.005","U3UaF1aFek4","train"
"u50B6bIkN9g.000","u50B6bIkN9g","train"
"u50B6bIkN9g.002","u50B6bIkN9g","train"
"U9cidDFDTQE.001","U9cidDFDTQE","train"
"U9cidDFDTQE.003","U9cidDFDTQE","train"
"U9cidDFDTQE.004","U9cidDFDTQE","train"
"U9NlCSah83U.001","U9NlCSah83U","train"
"u9vOa9GdNcM.003","u9vOa9GdNcM","train"
"ua5c716lu5s.001","ua5c716lu5s","train"
"ua5c716lu5s.002","ua5c716lu5s","train"
"ua5c716lu5s.003","ua5c716lu5s","train"
"ua5c716lu5s.004","ua5c716lu5s","train"
"ua5c716lu5s.005","ua5c716lu5s","train"
"UA6UY69EVSI.000","UA6UY69EVSI","train"
"UA6UY69EVSI.002","UA6UY69EVSI","train"
"UA6UY69EVSI.004","UA6UY69EVSI","train"
"UANQntvIqVk.000","UANQntvIqVk","train"
"UANQntvIqVk.003","UANQntvIqVk","train"
"UANQntvIqVk.004","UANQntvIqVk","train"
"uATtAHyVSMM.002","uATtAHyVSMM","train"
"uATtAHyVSMM.003","uATtAHyVSMM","train"
"uATtAHyVSMM.005","uATtAHyVSMM","train"
"uCJNAX_b9mc.000","uCJNAX_b9mc","train"
"uCJNAX_b9mc.002","uCJNAX_b9mc","train"
"UCKiPkp4ZkA.000","UCKiPkp4ZkA","train"
"UcyjGGEBn30.001","UcyjGGEBn30","train"
"UcyjGGEBn30.004","UcyjGGEBn30","train"
"UcyjGGEBn30.005","UcyjGGEBn30","train"
"UD-8YYU7GZs.000","UD-8YYU7GZs","train"
"UD-8YYU7GZs.003","UD-8YYU7GZs","train"
"UD-8YYU7GZs.004","UD-8YYU7GZs","train"
"udn-L92wdn8.000","udn-L92wdn8","train"
"uE2U_Y7QrIw.000","uE2U_Y7QrIw","train"
"uE2U_Y7QrIw.002","uE2U_Y7QrIw","train"
"uE2U_Y7QrIw.003","uE2U_Y7QrIw","train"
"UEYKBC_SuzU.001","UEYKBC_SuzU","train"
"UEYKBC_SuzU.004","UEYKBC_SuzU","train"
"uf_sIIw4zxY.001","uf_sIIw4zxY","train"
"uf_sIIw4zxY.002","uf_sIIw4zxY","train"
"uf_sIIw4zxY.005","uf_sIIw4zxY","train"
"UGn9Q8Fe9jw.001","UGn9Q8Fe9jw","train"
"UGp1GNK0GWg.000","UGp1GNK0GWg","train"
"UGsr6Vnqf7I.003","UGsr6Vnqf7I","train"
"UGsr6Vnqf7I.004","UGsr6Vnqf7I","train"
"UhNyHUwo1SY.001","UhNyHUwo1SY","train"
"UhNyHUwo1SY.003","UhNyHUwo1SY","train"
"uHrP02iwW1o.000","uHrP02iwW1o","train"
"uHrP02iwW1o.002","uHrP02iwW1o","train"
"Ui1ajQU5Ib8.000","Ui1ajQU5Ib8","train"
"Ui1ajQU5Ib8.001","Ui1ajQU5Ib8","train"
"Ui1ajQU5Ib8.005","Ui1ajQU5Ib8","train"
"uifW-cV-iQo.002","uifW-cV-iQo","train"
"UipoC_HLOP0.001","UipoC_HLOP0","train"
"UipoC_HLOP0.003","UipoC_HLOP0","train"
"UipoC_HLOP0.004","UipoC_HLOP0","train"
"UjqpaK1HlKI.004","UjqpaK1HlKI","train"
"UjqpaK1HlKI.005","UjqpaK1HlKI","train"
"UKHSKkb0V1o.003","UKHSKkb0V1o","train"
"UKHSKkb0V1o.004","UKHSKkb0V1o","train"
"UKHSKkb0V1o.005","UKHSKkb0V1o","train"
"uKy7lHuMQ_o.000","uKy7lHuMQ_o","train"
"uKy7lHuMQ_o.002","uKy7lHuMQ_o","train"
"uMCRfie1lkc.001","uMCRfie1lkc","train"
"uMCRfie1lkc.002","uMCRfie1lkc","train"
"uMCRfie1lkc.003","uMCRfie1lkc","train"
"uMCRfie1lkc.004","uMCRfie1lkc","train"
"UMgeWS5r3IE.005","UMgeWS5r3IE","train"
"UMMhvyjgRnM.004","UMMhvyjgRnM","train"
"uNJpPYo5Qp4.002","uNJpPYo5Qp4","train"
"UoC_4qi_m9c.002","UoC_4qi_m9c","train"
"UoC_4qi_m9c.003","UoC_4qi_m9c","train"
"UOvgGSx9k_k.001","UOvgGSx9k_k","train"
"UOvgGSx9k_k.002","UOvgGSx9k_k","train"
"UOvgGSx9k_k.003","UOvgGSx9k_k","train"
"upgv7xmOb1I.001","upgv7xmOb1I","train"
"upgv7xmOb1I.002","upgv7xmOb1I","train"
"upgv7xmOb1I.003","upgv7xmOb1I","train"
"upgv7xmOb1I.004","upgv7xmOb1I","train"
"upgv7xmOb1I.005","upgv7xmOb1I","train"
"U-PRay-woXU.000","U-PRay-woXU","train"
"U-PRay-woXU.002","U-PRay-woXU","train"
"U-PRay-woXU.004","U-PRay-woXU","train"
"U-PRay-woXU.005","U-PRay-woXU","train"
"uqd_cEJMJ4o.003","uqd_cEJMJ4o","train"
"UQeuBvZNusI.000","UQeuBvZNusI","train"
"UQeuBvZNusI.001","UQeuBvZNusI","train"
"UQeuBvZNusI.003","UQeuBvZNusI","train"
"UqfFvPT9mEs.000","UqfFvPT9mEs","train"
"UrOamWOcOwQ.000","UrOamWOcOwQ","train"
"UrOamWOcOwQ.002","UrOamWOcOwQ","train"
"UrOamWOcOwQ.003","UrOamWOcOwQ","train"
"UrOamWOcOwQ.004","UrOamWOcOwQ","train"
"UrOamWOcOwQ.005","UrOamWOcOwQ","train"
"uRY3aJAaogw.001","uRY3aJAaogw","train"
"uRY3aJAaogw.002","uRY3aJAaogw","train"
"uRY3aJAaogw.003","uRY3aJAaogw","train"
"uRY3aJAaogw.005","uRY3aJAaogw","train"
"US4PxgfKDeA.000","US4PxgfKDeA","train"
"US4PxgfKDeA.003","US4PxgfKDeA","train"
"US4PxgfKDeA.004","US4PxgfKDeA","train"
"usG6pVxbQkw.000","usG6pVxbQkw","train"
"usG6pVxbQkw.001","usG6pVxbQkw","train"
"USicjVA1trA.003","USicjVA1trA","train"
"USicjVA1trA.004","USicjVA1trA","train"
"USicjVA1trA.005","USicjVA1trA","train"
"UsmwjNu3kgQ.001","UsmwjNu3kgQ","train"
"USO-o9dHJ3U.000","USO-o9dHJ3U","train"
"USO-o9dHJ3U.001","USO-o9dHJ3U","train"
"USO-o9dHJ3U.004","USO-o9dHJ3U","train"
"USO-o9dHJ3U.005","USO-o9dHJ3U","train"
"uStuc1OX0f0.000","uStuc1OX0f0","train"
"uTluOTPA7e4.001","uTluOTPA7e4","train"
"uTluOTPA7e4.002","uTluOTPA7e4","train"
"uTluOTPA7e4.003","uTluOTPA7e4","train"
"uTluOTPA7e4.004","uTluOTPA7e4","train"
"-utrsarZeIY.001","-utrsarZeIY","train"
"-utrsarZeIY.004","-utrsarZeIY","train"
"utv9RBNcL5w.000","utv9RBNcL5w","train"
"utv9RBNcL5w.005","utv9RBNcL5w","train"
"UtVo107m5lg.001","UtVo107m5lg","train"
"UtVo107m5lg.002","UtVo107m5lg","train"
"UtVo107m5lg.003","UtVo107m5lg","train"
"UtVo107m5lg.005","UtVo107m5lg","train"
"Uu-NbXUPr-A.000","Uu-NbXUPr-A","train"
"Uu-NbXUPr-A.001","Uu-NbXUPr-A","train"
"UVMEzA3yHsM.001","UVMEzA3yHsM","train"
"UVMEzA3yHsM.003","UVMEzA3yHsM","train"
"UVvBaGOxwRI.000","UVvBaGOxwRI","train"
"UvX6ctu2ObM.002","UvX6ctu2ObM","train"
"uwUkp63db18.001","uwUkp63db18","train"
"uwUkp63db18.002","uwUkp63db18","train"
"uwUkp63db18.003","uwUkp63db18","train"
"uwUkp63db18.004","uwUkp63db18","train"
"uwUkp63db18.005","uwUkp63db18","train"
"UWVOT3YPQH4.001","UWVOT3YPQH4","train"
"UWVOT3YPQH4.002","UWVOT3YPQH4","train"
"UWVOT3YPQH4.004","UWVOT3YPQH4","train"
"UWVOT3YPQH4.005","UWVOT3YPQH4","train"
"uwYQKM_STCw.002","uwYQKM_STCw","train"
"uwYQKM_STCw.005","uwYQKM_STCw","train"
"U-XrzfFzMkg.004","U-XrzfFzMkg","train"
"U-XrzfFzMkg.005","U-XrzfFzMkg","train"
"uxTxqewSuxg.000","uxTxqewSuxg","train"
"UzgW75Fd4jU.001","UzgW75Fd4jU","train"
"v0jtovM6Ajg.000","v0jtovM6Ajg","train"
"v0jtovM6Ajg.003","v0jtovM6Ajg","train"
"V1I40vVRk78.002","V1I40vVRk78","train"
"V1I40vVRk78.003","V1I40vVRk78","train"
"V1TjmLtgNm0.000","V1TjmLtgNm0","train"
"V1TjmLtgNm0.002","V1TjmLtgNm0","train"
"V1TjmLtgNm0.005","V1TjmLtgNm0","train"
"V2nvyZB-JNM.001","V2nvyZB-JNM","train"
"V2nvyZB-JNM.002","V2nvyZB-JNM","train"
"V2nvyZB-JNM.003","V2nvyZB-JNM","train"
"V2nvyZB-JNM.004","V2nvyZB-JNM","train"
"V4ibYU1O-YI.000","V4ibYU1O-YI","train"
"V4ibYU1O-YI.001","V4ibYU1O-YI","train"
"V4ibYU1O-YI.005","V4ibYU1O-YI","train"
"v68FyWS-Q9s.002","v68FyWS-Q9s","train"
"v68FyWS-Q9s.003","v68FyWS-Q9s","train"
"V7_h3URfSFY.000","V7_h3URfSFY","train"
"V7_h3URfSFY.003","V7_h3URfSFY","train"
"V7_h3URfSFY.005","V7_h3URfSFY","train"
"V8JaJ2IVG9E.004","V8JaJ2IVG9E","train"
"V8JaJ2IVG9E.005","V8JaJ2IVG9E","train"
"V8PSAROGbZM.004","V8PSAROGbZM","train"
"V8w2Lo5wxl8.000","V8w2Lo5wxl8","train"
"V8w2Lo5wxl8.001","V8w2Lo5wxl8","train"
"V8w2Lo5wxl8.004","V8w2Lo5wxl8","train"
"V9aMA9YLa2k.001","V9aMA9YLa2k","train"
"V9aMA9YLa2k.005","V9aMA9YLa2k","train"
"V9OuGDPnqHI.000","V9OuGDPnqHI","train"
"V9OuGDPnqHI.001","V9OuGDPnqHI","train"
"V9OuGDPnqHI.004","V9OuGDPnqHI","train"
"V9roK_mLM-w.000","V9roK_mLM-w","train"
"V9roK_mLM-w.002","V9roK_mLM-w","train"
"V9roK_mLM-w.003","V9roK_mLM-w","train"
"VA5XjOaBH0Y.000","VA5XjOaBH0Y","train"
"vAEqpUwBMJQ.001","vAEqpUwBMJQ","train"
"vAEqpUwBMJQ.003","vAEqpUwBMJQ","train"
"vAEqpUwBMJQ.004","vAEqpUwBMJQ","train"
"vAEqpUwBMJQ.005","vAEqpUwBMJQ","train"
"vAV6ovUKPDg.005","vAV6ovUKPDg","train"
"VAZLQqJa9rQ.001","VAZLQqJa9rQ","train"
"VAZLQqJa9rQ.002","VAZLQqJa9rQ","train"
"VAZLQqJa9rQ.003","VAZLQqJa9rQ","train"
"VAZLQqJa9rQ.004","VAZLQqJa9rQ","train"
"VbiUhNAdzus.000","VbiUhNAdzus","train"
"VbiUhNAdzus.002","VbiUhNAdzus","train"
"vCV-5LypZCs.005","vCV-5LypZCs","train"
"vCY4uvfrWXA.003","vCY4uvfrWXA","train"
"vCY4uvfrWXA.005","vCY4uvfrWXA","train"
"Vd9biSOZ5CI.001","Vd9biSOZ5CI","train"
"Vd9biSOZ5CI.002","Vd9biSOZ5CI","train"
"Vd9biSOZ5CI.003","Vd9biSOZ5CI","train"
"Vd9biSOZ5CI.004","Vd9biSOZ5CI","train"
"VDcYF-YQuWw.000","VDcYF-YQuWw","train"
"vE9XgQL7DGE.001","vE9XgQL7DGE","train"
"vE9XgQL7DGE.003","vE9XgQL7DGE","train"
"vE9XgQL7DGE.004","vE9XgQL7DGE","train"
"VForU0EmBr0.000","VForU0EmBr0","train"
"VForU0EmBr0.001","VForU0EmBr0","train"
"VForU0EmBr0.003","VForU0EmBr0","train"
"VForU0EmBr0.005","VForU0EmBr0","train"
"VGoAtKcKIe8.002","VGoAtKcKIe8","train"
"VGoAtKcKIe8.005","VGoAtKcKIe8","train"
"vHc0pnY9BoI.002","vHc0pnY9BoI","train"
"VhHnmeRABJw.003","VhHnmeRABJw","train"
"VhHnmeRABJw.005","VhHnmeRABJw","train"
"vHIBCKwJLEY.001","vHIBCKwJLEY","train"
"vHIBCKwJLEY.003","vHIBCKwJLEY","train"
"vHIBCKwJLEY.004","vHIBCKwJLEY","train"
"vHn6-GQAI_Y.001","vHn6-GQAI_Y","train"
"vHn6-GQAI_Y.003","vHn6-GQAI_Y","train"
"vHn6-GQAI_Y.004","vHn6-GQAI_Y","train"
"vhugKRUnd-c.000","vhugKRUnd-c","train"
"vhugKRUnd-c.001","vhugKRUnd-c","train"
"vhugKRUnd-c.004","vhugKRUnd-c","train"
"VIhStXxpAr0.000","VIhStXxpAr0","train"
"VIhStXxpAr0.001","VIhStXxpAr0","train"
"VIhStXxpAr0.003","VIhStXxpAr0","train"
"VIhStXxpAr0.004","VIhStXxpAr0","train"
"VIKk25Ozx40.000","VIKk25Ozx40","train"
"Vimaz7NzPIg.001","Vimaz7NzPIg","train"
"vIW7gDmhYMk.001","vIW7gDmhYMk","train"
"vIW7gDmhYMk.003","vIW7gDmhYMk","train"
"vIW7gDmhYMk.004","vIW7gDmhYMk","train"
"vIW7gDmhYMk.005","vIW7gDmhYMk","train"
"Vj-Cmtqv_qY.001","Vj-Cmtqv_qY","train"
"vJDx6TCX32M.000","vJDx6TCX32M","train"
"vJDx6TCX32M.001","vJDx6TCX32M","train"
"vJDx6TCX32M.004","vJDx6TCX32M","train"
"vJnjjy5DZN4.001","vJnjjy5DZN4","train"
"vJnjjy5DZN4.002","vJnjjy5DZN4","train"
"vJnjjy5DZN4.003","vJnjjy5DZN4","train"
"VJuVsi6G96s.000","VJuVsi6G96s","train"
"VJuVsi6G96s.002","VJuVsi6G96s","train"
"VjYqagJ4xt8.001","VjYqagJ4xt8","train"
"VjYqagJ4xt8.004","VjYqagJ4xt8","train"
"Vk3scj5vhd4.004","Vk3scj5vhd4","train"
"vLAHfIjmRMc.001","vLAHfIjmRMc","train"
"vLAHfIjmRMc.005","vLAHfIjmRMc","train"
"VM409fZmJE0.000","VM409fZmJE0","train"
"vMtF0akNUK4.000","vMtF0akNUK4","train"
"vMtF0akNUK4.001","vMtF0akNUK4","train"
"vMtF0akNUK4.002","vMtF0akNUK4","train"
"vMtF0akNUK4.004","vMtF0akNUK4","train"
"VmV8NIvVVkw.000","VmV8NIvVVkw","train"
"VmXZ2jMWuvk.001","VmXZ2jMWuvk","train"
"VmXZ2jMWuvk.004","VmXZ2jMWuvk","train"
"VmyIItgMzpE.002","VmyIItgMzpE","train"
"vNEs2yGe77s.000","vNEs2yGe77s","train"
"VNK6LQHh25w.000","VNK6LQHh25w","train"
"VNK6LQHh25w.004","VNK6LQHh25w","train"
"VnUkBYQkJms.002","VnUkBYQkJms","train"
"VnUkBYQkJms.003","VnUkBYQkJms","train"
"VnUkBYQkJms.004","VnUkBYQkJms","train"
"VnUkBYQkJms.005","VnUkBYQkJms","train"
"vNZJSHliTR4.001","vNZJSHliTR4","train"
"vOEQlAMABWM.000","vOEQlAMABWM","train"
"vOEQlAMABWM.001","vOEQlAMABWM","train"
"vOEQlAMABWM.003","vOEQlAMABWM","train"
"VOeVhXWK7-8.004","VOeVhXWK7-8","train"
"VOeVhXWK7-8.005","VOeVhXWK7-8","train"
"VOhsEbDjZ9E.001","VOhsEbDjZ9E","train"
"VoPuhcQc_mg.000","VoPuhcQc_mg","train"
"voSLxKtKr0Q.000","voSLxKtKr0Q","train"
"voSLxKtKr0Q.002","voSLxKtKr0Q","train"
"voSLxKtKr0Q.003","voSLxKtKr0Q","train"
"voSLxKtKr0Q.004","voSLxKtKr0Q","train"
"voSLxKtKr0Q.005","voSLxKtKr0Q","train"
"vOxgWKGNEYc.000","vOxgWKGNEYc","train"
"VoXh9utSIx8.000","VoXh9utSIx8","train"
"voXr6-ykd1w.000","voXr6-ykd1w","train"
"voXr6-ykd1w.002","voXr6-ykd1w","train"
"vo-Y5kgSBa8.000","vo-Y5kgSBa8","train"
"vo-Y5kgSBa8.002","vo-Y5kgSBa8","train"
"vo-Y5kgSBa8.003","vo-Y5kgSBa8","train"
"vo-Y5kgSBa8.005","vo-Y5kgSBa8","train"
"vP6TUda99tc.005","vP6TUda99tc","train"
"vp9p1osOaLI.002","vp9p1osOaLI","train"
"vp9p1osOaLI.003","vp9p1osOaLI","train"
"VPFrKx72gvo.001","VPFrKx72gvo","train"
"VPFrKx72gvo.002","VPFrKx72gvo","train"
"vQEZ5KF9I4E.003","vQEZ5KF9I4E","train"
"vQEZ5KF9I4E.004","vQEZ5KF9I4E","train"
"vqF65-bFHKM.003","vqF65-bFHKM","train"
"vqF65-bFHKM.004","vqF65-bFHKM","train"
"vqLtOsoNPnU.002","vqLtOsoNPnU","train"
"vqLtOsoNPnU.004","vqLtOsoNPnU","train"
"VQMizni7nY0.001","VQMizni7nY0","train"
"vr5FWHUkYRM.000","vr5FWHUkYRM","train"
"vr5FWHUkYRM.001","vr5FWHUkYRM","train"
"vR7YF7Zv5-Q.000","vR7YF7Zv5-Q","train"
"vR7YF7Zv5-Q.003","vR7YF7Zv5-Q","train"
"VRjJxTqOJyo.001","VRjJxTqOJyo","train"
"VRjJxTqOJyo.002","VRjJxTqOJyo","train"
"VRjJxTqOJyo.004","VRjJxTqOJyo","train"
"vrMlwwTLWIE.005","vrMlwwTLWIE","train"
"VsY6jAlvb9o.000","VsY6jAlvb9o","train"
"vtOEl_Mg0Io.000","vtOEl_Mg0Io","train"
"vtOEl_Mg0Io.004","vtOEl_Mg0Io","train"
"-VTqcHNgH7M.002","-VTqcHNgH7M","train"
"-VTqcHNgH7M.003","-VTqcHNgH7M","train"
"-VTqcHNgH7M.004","-VTqcHNgH7M","train"
"VTrqCDYHVqU.001","VTrqCDYHVqU","train"
"VTrqCDYHVqU.002","VTrqCDYHVqU","train"
"VTrqCDYHVqU.003","VTrqCDYHVqU","train"
"VTv4BAYgJpk.001","VTv4BAYgJpk","train"
"VTv4BAYgJpk.002","VTv4BAYgJpk","train"
"VTv4BAYgJpk.003","VTv4BAYgJpk","train"
"VTv4BAYgJpk.005","VTv4BAYgJpk","train"
"VtYPH6UsVnU.000","VtYPH6UsVnU","train"
"VtYPH6UsVnU.001","VtYPH6UsVnU","train"
"VtYPH6UsVnU.002","VtYPH6UsVnU","train"
"VtYPH6UsVnU.003","VtYPH6UsVnU","train"
"VtYPH6UsVnU.005","VtYPH6UsVnU","train"
"VuadgOz6T7s.000","VuadgOz6T7s","train"
"VuadgOz6T7s.001","VuadgOz6T7s","train"
"VuadgOz6T7s.002","VuadgOz6T7s","train"
"VUgKH9DIs-8.000","VUgKH9DIs-8","train"
"VUgKH9DIs-8.001","VUgKH9DIs-8","train"
"VUgKH9DIs-8.002","VUgKH9DIs-8","train"
"VUgKH9DIs-8.003","VUgKH9DIs-8","train"
"VUgKH9DIs-8.005","VUgKH9DIs-8","train"
"VugKq4gOi50.000","VugKq4gOi50","train"
"VugKq4gOi50.004","VugKq4gOi50","train"
"VugKq4gOi50.005","VugKq4gOi50","train"
"VUGWfw5PVLY.000","VUGWfw5PVLY","train"
"VUGWfw5PVLY.002","VUGWfw5PVLY","train"
"vUKex2msIEU.002","vUKex2msIEU","train"
"vUKex2msIEU.004","vUKex2msIEU","train"
"vUo6wnBOBpo.002","vUo6wnBOBpo","train"
"VuS938tAv-0.003","VuS938tAv-0","train"
"VvSk5m90xOs.000","VvSk5m90xOs","train"
"VvSk5m90xOs.002","VvSk5m90xOs","train"
"VvSk5m90xOs.003","VvSk5m90xOs","train"
"VvVigAr4hZc.003","VvVigAr4hZc","train"
"VxtZDXM0cuQ.001","VxtZDXM0cuQ","train"
"VxtZDXM0cuQ.002","VxtZDXM0cuQ","train"
"VxtZDXM0cuQ.005","VxtZDXM0cuQ","train"
"vxuBHsokOX4.005","vxuBHsokOX4","train"
"vYkHHVeNK_M.001","vYkHHVeNK_M","train"
"vYkHHVeNK_M.002","vYkHHVeNK_M","train"
"vYkHHVeNK_M.003","vYkHHVeNK_M","train"
"vYkHHVeNK_M.004","vYkHHVeNK_M","train"
"Vyktsh14Kww.005","Vyktsh14Kww","train"
"Vy-Lr_iM5qo.000","Vy-Lr_iM5qo","train"
"Vy-Lr_iM5qo.001","Vy-Lr_iM5qo","train"
"Vy-Lr_iM5qo.003","Vy-Lr_iM5qo","train"
"Vy-Lr_iM5qo.005","Vy-Lr_iM5qo","train"
"vYVqhg_VGP8.000","vYVqhg_VGP8","train"
"VZ6jhnbk-5g.001","VZ6jhnbk-5g","train"
"VZ6jhnbk-5g.002","VZ6jhnbk-5g","train"
"VZ6jhnbk-5g.003","VZ6jhnbk-5g","train"
"VZ6jhnbk-5g.004","VZ6jhnbk-5g","train"
"vZPLbzF0aSg.001","vZPLbzF0aSg","train"
"vZpneJlniAE.005","vZpneJlniAE","train"
"w_ExyXsnw2A.000","w_ExyXsnw2A","train"
"w_ExyXsnw2A.003","w_ExyXsnw2A","train"
"W0Ay5uul8j0.001","W0Ay5uul8j0","train"
"W0Ay5uul8j0.002","W0Ay5uul8j0","train"
"w0CQ55sKmck.002","w0CQ55sKmck","train"
"W0FCCk0a0tg.001","W0FCCk0a0tg","train"
"W0FCCk0a0tg.003","W0FCCk0a0tg","train"
"W0LRjSS9pVM.001","W0LRjSS9pVM","train"
"W0LRjSS9pVM.004","W0LRjSS9pVM","train"
"W2AB3UUyvwI.002","W2AB3UUyvwI","train"
"W2AB3UUyvwI.003","W2AB3UUyvwI","train"
"W2AB3UUyvwI.005","W2AB3UUyvwI","train"
"W2asVll3OSU.001","W2asVll3OSU","train"
"w2FKw8IhbFw.001","w2FKw8IhbFw","train"
"w4cZStXMUII.003","w4cZStXMUII","train"
"W4tz3plvvKI.003","W4tz3plvvKI","train"
"W7BbL3NZvrU.001","W7BbL3NZvrU","train"
"W7BbL3NZvrU.004","W7BbL3NZvrU","train"
"w7O2QJu2Wl4.004","w7O2QJu2Wl4","train"
"w7O2QJu2Wl4.005","w7O2QJu2Wl4","train"
"w7wPDiQkiA4.001","w7wPDiQkiA4","train"
"w7wPDiQkiA4.004","w7wPDiQkiA4","train"
"W8NkAXNboT0.000","W8NkAXNboT0","train"
"W8NkAXNboT0.002","W8NkAXNboT0","train"
"w989xx44UQI.000","w989xx44UQI","train"
"w989xx44UQI.001","w989xx44UQI","train"
"w989xx44UQI.003","w989xx44UQI","train"
"w989xx44UQI.004","w989xx44UQI","train"
"Wa-HX5jP3ew.001","Wa-HX5jP3ew","train"
"Wa-HX5jP3ew.002","Wa-HX5jP3ew","train"
"Wa-HX5jP3ew.003","Wa-HX5jP3ew","train"
"wAl_Pm7xG3A.001","wAl_Pm7xG3A","train"
"WATt9OOVZh8.001","WATt9OOVZh8","train"
"WATt9OOVZh8.002","WATt9OOVZh8","train"
"WATt9OOVZh8.004","WATt9OOVZh8","train"
"wBCSJVBr4ZE.004","wBCSJVBr4ZE","train"
"wBCSJVBr4ZE.005","wBCSJVBr4ZE","train"
"Wbd7QufjK_E.002","Wbd7QufjK_E","train"
"wBSf7anTC_g.004","wBSf7anTC_g","train"
"Wby2oMliGz0.000","Wby2oMliGz0","train"
"Wby2oMliGz0.002","Wby2oMliGz0","train"
"Wby2oMliGz0.003","Wby2oMliGz0","train"
"Wby2oMliGz0.004","Wby2oMliGz0","train"
"Wby2oMliGz0.005","Wby2oMliGz0","train"
"WCLkd1Fek0w.001","WCLkd1Fek0w","train"
"Wd0V4MNvqcg.000","Wd0V4MNvqcg","train"
"Wd0V4MNvqcg.001","Wd0V4MNvqcg","train"
"Wd0V4MNvqcg.002","Wd0V4MNvqcg","train"
"WD1WsbooU2w.001","WD1WsbooU2w","train"
"WD1WsbooU2w.002","WD1WsbooU2w","train"
"wdeOWVDSeLE.001","wdeOWVDSeLE","train"
"wdeOWVDSeLE.002","wdeOWVDSeLE","train"
"wDvZdcb00Bg.001","wDvZdcb00Bg","train"
"wDvZdcb00Bg.002","wDvZdcb00Bg","train"
"wDvZdcb00Bg.003","wDvZdcb00Bg","train"
"wDvZdcb00Bg.004","wDvZdcb00Bg","train"
"Wev85dXzVGM.000","Wev85dXzVGM","train"
"WfCSCxADlrg.002","WfCSCxADlrg","train"
"WfCSCxADlrg.004","WfCSCxADlrg","train"
"WfCSCxADlrg.005","WfCSCxADlrg","train"
"WfjLOieAwGY.002","WfjLOieAwGY","train"
"wFZJ3gTKwwM.002","wFZJ3gTKwwM","train"
"WfZodMIIGR0.000","WfZodMIIGR0","train"
"WGP2HLnoma0.001","WGP2HLnoma0","train"
"wJl7DbsbrDA.000","wJl7DbsbrDA","train"
"wJl7DbsbrDA.001","wJl7DbsbrDA","train"
"wJl7DbsbrDA.005","wJl7DbsbrDA","train"
"wK_ExIjn5Q8.002","wK_ExIjn5Q8","train"
"wK_ExIjn5Q8.004","wK_ExIjn5Q8","train"
"wK_ExIjn5Q8.005","wK_ExIjn5Q8","train"
"WkbvQZU475o.003","WkbvQZU475o","train"
"wm94g-5Cg5s.000","wm94g-5Cg5s","train"
"wm94g-5Cg5s.002","wm94g-5Cg5s","train"
"wm94g-5Cg5s.003","wm94g-5Cg5s","train"
"wm94g-5Cg5s.004","wm94g-5Cg5s","train"
"wm94g-5Cg5s.005","wm94g-5Cg5s","train"
"WMp0lsXbOqM.002","WMp0lsXbOqM","train"
"WMp0lsXbOqM.003","WMp0lsXbOqM","train"
"wNH5FmWVr-M.001","wNH5FmWVr-M","train"
"WosLI6krxUg.001","WosLI6krxUg","train"
"WosLI6krxUg.002","WosLI6krxUg","train"
"WOyix7rTgwI.001","WOyix7rTgwI","train"
"WpEZOSrENL0.002","WpEZOSrENL0","train"
"WpMPrPnk1po.000","WpMPrPnk1po","train"
"WQg0-M4Yn3s.000","WQg0-M4Yn3s","train"
"-Wqk9eex6bQ.002","-Wqk9eex6bQ","train"
"-Wqk9eex6bQ.003","-Wqk9eex6bQ","train"
"-Wqk9eex6bQ.004","-Wqk9eex6bQ","train"
"-Wqk9eex6bQ.005","-Wqk9eex6bQ","train"
"wr4dP9MuHME.004","wr4dP9MuHME","train"
"wr4dP9MuHME.005","wr4dP9MuHME","train"
"WRz1F6DqmRQ.000","WRz1F6DqmRQ","train"
"WRz1F6DqmRQ.002","WRz1F6DqmRQ","train"
"WRz1F6DqmRQ.004","WRz1F6DqmRQ","train"
"WRz1F6DqmRQ.005","WRz1F6DqmRQ","train"
"wsBrLt5coeM.000","wsBrLt5coeM","train"
"WT1YjeADatU.000","WT1YjeADatU","train"
"WT1YjeADatU.001","WT1YjeADatU","train"
"WT1YjeADatU.002","WT1YjeADatU","train"
"WT1YjeADatU.003","WT1YjeADatU","train"
"wTo1uZns2X8.000","wTo1uZns2X8","train"
"wTo1uZns2X8.001","wTo1uZns2X8","train"
"wTo1uZns2X8.003","wTo1uZns2X8","train"
"wTo1uZns2X8.005","wTo1uZns2X8","train"
"wTpb1CfMnVM.005","wTpb1CfMnVM","train"
"WTzDOt2GO1M.002","WTzDOt2GO1M","train"
"WTzDOt2GO1M.005","WTzDOt2GO1M","train"
"WU2_ELn71Rw.000","WU2_ELn71Rw","train"
"WuHLxhCSnGs.001","WuHLxhCSnGs","train"
"WuHLxhCSnGs.003","WuHLxhCSnGs","train"
"WuHLxhCSnGs.004","WuHLxhCSnGs","train"
"WuHLxhCSnGs.005","WuHLxhCSnGs","train"
"wuhoIm_jPc0.002","wuhoIm_jPc0","train"
"wuhoIm_jPc0.003","wuhoIm_jPc0","train"
"wuhoIm_jPc0.004","wuhoIm_jPc0","train"
"wuhoIm_jPc0.005","wuhoIm_jPc0","train"
"WuIKjBb7s4Q.000","WuIKjBb7s4Q","train"
"WuIKjBb7s4Q.002","WuIKjBb7s4Q","train"
"WuIKjBb7s4Q.003","WuIKjBb7s4Q","train"
"WuIKjBb7s4Q.004","WuIKjBb7s4Q","train"
"WuIKjBb7s4Q.005","WuIKjBb7s4Q","train"
"WUNXs4r_xCU.000","WUNXs4r_xCU","train"
"WUNXs4r_xCU.001","WUNXs4r_xCU","train"
"WUNXs4r_xCU.002","WUNXs4r_xCU","train"
"WUNXs4r_xCU.003","WUNXs4r_xCU","train"
"WUNXs4r_xCU.004","WUNXs4r_xCU","train"
"WuoQDp7pU24.001","WuoQDp7pU24","train"
"WuoQDp7pU24.002","WuoQDp7pU24","train"
"WuoQDp7pU24.003","WuoQDp7pU24","train"
"wVpjBxCirAQ.001","wVpjBxCirAQ","train"
"wVpjBxCirAQ.004","wVpjBxCirAQ","train"
"wVpjBxCirAQ.005","wVpjBxCirAQ","train"
"WWdCfiraNQk.003","WWdCfiraNQk","train"
"WwGca41TJVU.002","WwGca41TJVU","train"
"WwGca41TJVU.003","WwGca41TJVU","train"
"Wx_oe0SxD9w.000","Wx_oe0SxD9w","train"
"Wx_oe0SxD9w.001","Wx_oe0SxD9w","train"
"Wx_oe0SxD9w.002","Wx_oe0SxD9w","train"
"Wx_oe0SxD9w.003","Wx_oe0SxD9w","train"
"wxpXOLNwW1E.000","wxpXOLNwW1E","train"
"wxpXOLNwW1E.002","wxpXOLNwW1E","train"
"wy1szFSVpEI.002","wy1szFSVpEI","train"
"Wy4hWbeibhU.000","Wy4hWbeibhU","train"
"Wy4hWbeibhU.002","Wy4hWbeibhU","train"
"wYixHjntI-4.001","wYixHjntI-4","train"
"wYixHjntI-4.002","wYixHjntI-4","train"
"wYixHjntI-4.004","wYixHjntI-4","train"
"wYixHjntI-4.005","wYixHjntI-4","train"
"WyLqK6wzYLU.000","WyLqK6wzYLU","train"
"WyLqK6wzYLU.001","WyLqK6wzYLU","train"
"WYXRdYT4F0Q.003","WYXRdYT4F0Q","train"
"wYZJ2HXfvmQ.001","wYZJ2HXfvmQ","train"
"wYZJ2HXfvmQ.002","wYZJ2HXfvmQ","train"
"wYZJ2HXfvmQ.003","wYZJ2HXfvmQ","train"
"wYZJ2HXfvmQ.005","wYZJ2HXfvmQ","train"
"wzCdM6Fe_4A.001","wzCdM6Fe_4A","train"
"wzCdM6Fe_4A.003","wzCdM6Fe_4A","train"
"wzCdM6Fe_4A.004","wzCdM6Fe_4A","train"
"WZnLayQeIZ0.000","WZnLayQeIZ0","train"
"WZnLayQeIZ0.005","WZnLayQeIZ0","train"
"x0CZuHnJ0Hs.004","x0CZuHnJ0Hs","train"
"x0CZuHnJ0Hs.005","x0CZuHnJ0Hs","train"
"X1EjfXX3NTk.000","X1EjfXX3NTk","train"
"X1EjfXX3NTk.003","X1EjfXX3NTk","train"
"X1EjfXX3NTk.004","X1EjfXX3NTk","train"
"X4NG3EGtUvo.003","X4NG3EGtUvo","train"
"X4NG3EGtUvo.005","X4NG3EGtUvo","train"
"x57nEfACdXA.001","x57nEfACdXA","train"
"x57nEfACdXA.002","x57nEfACdXA","train"
"x57nEfACdXA.003","x57nEfACdXA","train"
"x57nEfACdXA.005","x57nEfACdXA","train"
"X5aKCrWf6a4.001","X5aKCrWf6a4","train"
"X5aKCrWf6a4.003","X5aKCrWf6a4","train"
"X5aKCrWf6a4.005","X5aKCrWf6a4","train"
"x6Tluj4dJTU.002","x6Tluj4dJTU","train"
"x6Tluj4dJTU.004","x6Tluj4dJTU","train"
"X7S71Som15M.001","X7S71Som15M","train"
"X7S71Som15M.002","X7S71Som15M","train"
"X8RfXbeIQvo.001","X8RfXbeIQvo","train"
"X9AEEGzWSU8.001","X9AEEGzWSU8","train"
"X9AEEGzWSU8.002","X9AEEGzWSU8","train"
"X9AEEGzWSU8.003","X9AEEGzWSU8","train"
"X9AEEGzWSU8.005","X9AEEGzWSU8","train"
"xA3GCTL5o-k.000","xA3GCTL5o-k","train"
"XAO4l8Ej-J8.003","XAO4l8Ej-J8","train"
"XAO4l8Ej-J8.005","XAO4l8Ej-J8","train"
"Xauhek9-iKA.001","Xauhek9-iKA","train"
"XB4JOAiEanw.000","XB4JOAiEanw","train"
"XB81sertsYU.000","XB81sertsYU","train"
"xbAb00tGeBQ.000","xbAb00tGeBQ","train"
"xBiI0Oo1vBw.000","xBiI0Oo1vBw","train"
"xBiI0Oo1vBw.005","xBiI0Oo1vBw","train"
"XbsA_lCKQLs.002","XbsA_lCKQLs","train"
"XbsA_lCKQLs.003","XbsA_lCKQLs","train"
"XbsA_lCKQLs.004","XbsA_lCKQLs","train"
"XcEFSi3uaJM.000","XcEFSi3uaJM","train"
"XcEFSi3uaJM.002","XcEFSi3uaJM","train"
"XcEFSi3uaJM.005","XcEFSi3uaJM","train"
"xcMwMi4fdis.001","xcMwMi4fdis","train"
"xcMwMi4fdis.002","xcMwMi4fdis","train"
"xcMwMi4fdis.005","xcMwMi4fdis","train"
"xcVy0l2nfV0.001","xcVy0l2nfV0","train"
"xDjhf8wrNWQ.001","xDjhf8wrNWQ","train"
"xDjhf8wrNWQ.003","xDjhf8wrNWQ","train"
"xDjhf8wrNWQ.004","xDjhf8wrNWQ","train"
"xDjhf8wrNWQ.005","xDjhf8wrNWQ","train"
"xe3l76e8yE4.001","xe3l76e8yE4","train"
"xeE08Vn-HXI.000","xeE08Vn-HXI","train"
"xeE08Vn-HXI.001","xeE08Vn-HXI","train"
"xEmwNv4OxGE.001","xEmwNv4OxGE","train"
"XEpdSMQfEOs.002","XEpdSMQfEOs","train"
"XEpdSMQfEOs.003","XEpdSMQfEOs","train"
"XEpdSMQfEOs.004","XEpdSMQfEOs","train"
"xerGtxpxW6Q.002","xerGtxpxW6Q","train"
"xerGtxpxW6Q.003","xerGtxpxW6Q","train"
"XfK7WZ3skUM.001","XfK7WZ3skUM","train"
"xfLVThCzEEk.000","xfLVThCzEEk","train"
"xfMOELCuN94.003","xfMOELCuN94","train"
"xfMOELCuN94.004","xfMOELCuN94","train"
"Xfmu-7JuDGg.000","Xfmu-7JuDGg","train"
"Xfmu-7JuDGg.001","Xfmu-7JuDGg","train"
"Xfmu-7JuDGg.002","Xfmu-7JuDGg","train"
"Xfmu-7JuDGg.004","Xfmu-7JuDGg","train"
"XFpzukISe6s.004","XFpzukISe6s","train"
"XFpzukISe6s.005","XFpzukISe6s","train"
"XFqLaKqrUHM.004","XFqLaKqrUHM","train"
"XfUqFt2amrM.000","XfUqFt2amrM","train"
"XfUqFt2amrM.002","XfUqFt2amrM","train"
"XfUqFt2amrM.003","XfUqFt2amrM","train"
"xGo_wImhwkQ.003","xGo_wImhwkQ","train"
"xgRqkTXmZko.000","xgRqkTXmZko","train"
"xgRqkTXmZko.001","xgRqkTXmZko","train"
"xgwiqo2AsCA.000","xgwiqo2AsCA","train"
"xgwiqo2AsCA.001","xgwiqo2AsCA","train"
"xgwiqo2AsCA.002","xgwiqo2AsCA","train"
"xHb5_bc1JOA.000","xHb5_bc1JOA","train"
"xHb5_bc1JOA.001","xHb5_bc1JOA","train"
"xHb5_bc1JOA.003","xHb5_bc1JOA","train"
"XhgDsQlEnuU.000","XhgDsQlEnuU","train"
"XhgDsQlEnuU.001","XhgDsQlEnuU","train"
"XhgDsQlEnuU.002","XhgDsQlEnuU","train"
"xHsh2Rg5ANU.000","xHsh2Rg5ANU","train"
"X-i_eQ48DBw.000","X-i_eQ48DBw","train"
"X-i_eQ48DBw.001","X-i_eQ48DBw","train"
"X-i_eQ48DBw.004","X-i_eQ48DBw","train"
"XJj34u5IzU0.002","XJj34u5IzU0","train"
"XJj34u5IzU0.003","XJj34u5IzU0","train"
"XJj34u5IzU0.004","XJj34u5IzU0","train"
"XkeSLRAftxA.001","XkeSLRAftxA","train"
"XkeSLRAftxA.004","XkeSLRAftxA","train"
"XkeSLRAftxA.005","XkeSLRAftxA","train"
"xLfLuyIQOJE.002","xLfLuyIQOJE","train"
"xLfLuyIQOJE.003","xLfLuyIQOJE","train"
"xLfLuyIQOJE.004","xLfLuyIQOJE","train"
"xLfLuyIQOJE.005","xLfLuyIQOJE","train"
"XLKNGnpTO9k.001","XLKNGnpTO9k","train"
"XLKNGnpTO9k.005","XLKNGnpTO9k","train"
"XLV7teADu3c.000","XLV7teADu3c","train"
"XLV7teADu3c.002","XLV7teADu3c","train"
"xmaC2XOhPaE.001","xmaC2XOhPaE","train"
"xmaC2XOhPaE.003","xmaC2XOhPaE","train"
"xmD4FKMq2rk.000","xmD4FKMq2rk","train"
"xmD4FKMq2rk.001","xmD4FKMq2rk","train"
"xmD4FKMq2rk.005","xmD4FKMq2rk","train"
"XmWA7zTJj-c.003","XmWA7zTJj-c","train"
"XN5vpJU3ifw.000","XN5vpJU3ifw","train"
"XN5vpJU3ifw.001","XN5vpJU3ifw","train"
"XN5vpJU3ifw.003","XN5vpJU3ifw","train"
"XN5vpJU3ifw.004","XN5vpJU3ifw","train"
"XN5vpJU3ifw.005","XN5vpJU3ifw","train"
"XNWN7ScxVIA.002","XNWN7ScxVIA","train"
"XOioICna1hc.001","XOioICna1hc","train"
"XOioICna1hc.004","XOioICna1hc","train"
"XOioICna1hc.005","XOioICna1hc","train"
"xotlPVnG05U.000","xotlPVnG05U","train"
"XoyQKsK7OtA.000","XoyQKsK7OtA","train"
"xP6i_WO1LCM.000","xP6i_WO1LCM","train"
"xpSCu7PgJts.000","xpSCu7PgJts","train"
"xpSCu7PgJts.004","xpSCu7PgJts","train"
"XPV4pavXh94.001","XPV4pavXh94","train"
"XPV4pavXh94.005","XPV4pavXh94","train"
"XpY-cxkbYdo.002","XpY-cxkbYdo","train"
"XQ3do4LDFv8.000","XQ3do4LDFv8","train"
"XQ3do4LDFv8.003","XQ3do4LDFv8","train"
"XQ3do4LDFv8.004","XQ3do4LDFv8","train"
"xqGyF2T3pso.000","xqGyF2T3pso","train"
"xqGyF2T3pso.001","xqGyF2T3pso","train"
"xqGyF2T3pso.002","xqGyF2T3pso","train"
"xQHmbJ_lPjY.001","xQHmbJ_lPjY","train"
"xQHmbJ_lPjY.003","xQHmbJ_lPjY","train"
"xQHmbJ_lPjY.005","xQHmbJ_lPjY","train"
"XQZ5M9oLkXw.001","XQZ5M9oLkXw","train"
"XQZ5M9oLkXw.003","XQZ5M9oLkXw","train"
"XQZ5M9oLkXw.005","XQZ5M9oLkXw","train"
"xRhUBifOWiI.000","xRhUBifOWiI","train"
"xRhUBifOWiI.001","xRhUBifOWiI","train"
"xRhUBifOWiI.003","xRhUBifOWiI","train"
"xRhUBifOWiI.004","xRhUBifOWiI","train"
"xRLaEoXAsjk.001","xRLaEoXAsjk","train"
"XRoSKIIFp9c.003","XRoSKIIFp9c","train"
"XRoSKIIFp9c.004","XRoSKIIFp9c","train"
"xrxAyO8pKUo.002","xrxAyO8pKUo","train"
"xrxAyO8pKUo.003","xrxAyO8pKUo","train"
"xsDABUrvs6w.001","xsDABUrvs6w","train"
"xsDABUrvs6w.002","xsDABUrvs6w","train"
"xsLvl2qGrxU.000","xsLvl2qGrxU","train"
"xsLvl2qGrxU.001","xsLvl2qGrxU","train"
"xsLvl2qGrxU.002","xsLvl2qGrxU","train"
"xsLvl2qGrxU.003","xsLvl2qGrxU","train"
"XT4rTk6-Etc.000","XT4rTk6-Etc","train"
"XT4rTk6-Etc.001","XT4rTk6-Etc","train"
"xtDw9TlWiww.000","xtDw9TlWiww","train"
"xtDw9TlWiww.002","xtDw9TlWiww","train"
"xUdaVBK1b8w.001","xUdaVBK1b8w","train"
"xun35caJTQI.002","xun35caJTQI","train"
"xun35caJTQI.003","xun35caJTQI","train"
"xun35caJTQI.005","xun35caJTQI","train"
"xVJDjbiIjTo.001","xVJDjbiIjTo","train"
"xvLi31p57oA.004","xvLi31p57oA","train"
"XvV4YdhpC2w.001","XvV4YdhpC2w","train"
"XvV4YdhpC2w.002","XvV4YdhpC2w","train"
"XvV4YdhpC2w.004","XvV4YdhpC2w","train"
"xX5Imr7UmaA.002","xX5Imr7UmaA","train"
"xyOq5SL0Evc.000","xyOq5SL0Evc","train"
"xyOq5SL0Evc.002","xyOq5SL0Evc","train"
"xyOq5SL0Evc.003","xyOq5SL0Evc","train"
"xyOq5SL0Evc.004","xyOq5SL0Evc","train"
"XYt6WL-l7do.001","XYt6WL-l7do","train"
"XYt6WL-l7do.002","XYt6WL-l7do","train"
"XYt6WL-l7do.004","XYt6WL-l7do","train"
"XYt6WL-l7do.005","XYt6WL-l7do","train"
"xyWpSrfFlQw.004","xyWpSrfFlQw","train"
"xZ9iwqHw7GY.002","xZ9iwqHw7GY","train"
"xZ9iwqHw7GY.003","xZ9iwqHw7GY","train"
"xZFZ0Mvjiuo.000","xZFZ0Mvjiuo","train"
"xZFZ0Mvjiuo.001","xZFZ0Mvjiuo","train"
"xZFZ0Mvjiuo.003","xZFZ0Mvjiuo","train"
"xZFZ0Mvjiuo.005","xZFZ0Mvjiuo","train"
"xzRYaxrhne8.002","xzRYaxrhne8","train"
"xzRYaxrhne8.003","xzRYaxrhne8","train"
"xzRYaxrhne8.004","xzRYaxrhne8","train"
"xzRYaxrhne8.005","xzRYaxrhne8","train"
"Y-_JeJoCjUo.001","Y-_JeJoCjUo","train"
"Y-_JeJoCjUo.005","Y-_JeJoCjUo","train"
"y0UCXXk9tlM.002","y0UCXXk9tlM","train"
"y0UCXXk9tlM.003","y0UCXXk9tlM","train"
"y0UCXXk9tlM.004","y0UCXXk9tlM","train"
"y0UCXXk9tlM.005","y0UCXXk9tlM","train"
"y1e8xPAaL9k.000","y1e8xPAaL9k","train"
"y1e8xPAaL9k.002","y1e8xPAaL9k","train"
"Y1LrgyCJtpU.000","Y1LrgyCJtpU","train"
"Y1LrgyCJtpU.001","Y1LrgyCJtpU","train"
"Y1LrgyCJtpU.002","Y1LrgyCJtpU","train"
"Y1LrgyCJtpU.003","Y1LrgyCJtpU","train"
"Y1LrgyCJtpU.005","Y1LrgyCJtpU","train"
"Y1LXjxAQihQ.004","Y1LXjxAQihQ","train"
"Y2An1KkoHzY.002","Y2An1KkoHzY","train"
"y2UF49ddapI.001","y2UF49ddapI","train"
"y2UF49ddapI.003","y2UF49ddapI","train"
"y4Ej1YSEQf0.000","y4Ej1YSEQf0","train"
"y4Ej1YSEQf0.002","y4Ej1YSEQf0","train"
"Y6iogSmj6FQ.002","Y6iogSmj6FQ","train"
"Y6iogSmj6FQ.003","Y6iogSmj6FQ","train"
"Y6iogSmj6FQ.005","Y6iogSmj6FQ","train"
"y6LC5kAJmHw.004","y6LC5kAJmHw","train"
"y6sy0HBe-Zs.000","y6sy0HBe-Zs","train"
"y6sy0HBe-Zs.005","y6sy0HBe-Zs","train"
"y7MEVu2nyes.000","y7MEVu2nyes","train"
"y7MEVu2nyes.001","y7MEVu2nyes","train"
"y7MEVu2nyes.003","y7MEVu2nyes","train"
"y7MEVu2nyes.004","y7MEVu2nyes","train"
"Y8gv_ZK3w4A.000","Y8gv_ZK3w4A","train"
"Y8gv_ZK3w4A.002","Y8gv_ZK3w4A","train"
"Y8gv_ZK3w4A.003","Y8gv_ZK3w4A","train"
"Y8gv_ZK3w4A.004","Y8gv_ZK3w4A","train"
"Y9WX7ucPP-o.000","Y9WX7ucPP-o","train"
"Y9WX7ucPP-o.002","Y9WX7ucPP-o","train"
"ya8Ec_yTai8.002","ya8Ec_yTai8","train"
"ya8Ec_yTai8.003","ya8Ec_yTai8","train"
"Ya9Szm73LfE.002","Ya9Szm73LfE","train"
"Ya9Szm73LfE.003","Ya9Szm73LfE","train"
"yAVnxsaTyuE.001","yAVnxsaTyuE","train"
"YbdJd16c3eo.004","YbdJd16c3eo","train"
"yBlPsPBRv5E.001","yBlPsPBRv5E","train"
"yBlPsPBRv5E.002","yBlPsPBRv5E","train"
"yBMuZWldxLk.001","yBMuZWldxLk","train"
"YBsKLg3GMrE.005","YBsKLg3GMrE","train"
"YbxdeEd7wq4.001","YbxdeEd7wq4","train"
"YC3X1DcnUrk.000","YC3X1DcnUrk","train"
"YC3X1DcnUrk.001","YC3X1DcnUrk","train"
"YC3X1DcnUrk.005","YC3X1DcnUrk","train"
"YdxS3f4HXaA.005","YdxS3f4HXaA","train"
"YEbaKrAxo5I.001","YEbaKrAxo5I","train"
"yEE9FoKWdpU.005","yEE9FoKWdpU","train"
"yEWy_vXTTJU.005","yEWy_vXTTJU","train"
"YF2QVn1fK1E.002","YF2QVn1fK1E","train"
"YF2QVn1fK1E.005","YF2QVn1fK1E","train"
"yftfxiDNXko.000","yftfxiDNXko","train"
"yftfxiDNXko.001","yftfxiDNXko","train"
"yftfxiDNXko.002","yftfxiDNXko","train"
"yftfxiDNXko.004","yftfxiDNXko","train"
"yFZ3eUD6Pqs.000","yFZ3eUD6Pqs","train"
"yFZ3eUD6Pqs.001","yFZ3eUD6Pqs","train"
"yFZ3eUD6Pqs.002","yFZ3eUD6Pqs","train"
"yFZ3eUD6Pqs.003","yFZ3eUD6Pqs","train"
"yFZ3eUD6Pqs.004","yFZ3eUD6Pqs","train"
"yFZ3eUD6Pqs.005","yFZ3eUD6Pqs","train"
"YGJ33FXzJO8.005","YGJ33FXzJO8","train"
"YGrCXe2-fVk.001","YGrCXe2-fVk","train"
"YGrCXe2-fVk.004","YGrCXe2-fVk","train"
"ygUEI08LgcM.002","ygUEI08LgcM","train"
"yHwuRYr5lxk.003","yHwuRYr5lxk","train"
"yHwuRYr5lxk.004","yHwuRYr5lxk","train"
"yHwuRYr5lxk.005","yHwuRYr5lxk","train"
"yIe7Rp54-bU.001","yIe7Rp54-bU","train"
"yIe7Rp54-bU.004","yIe7Rp54-bU","train"
"yIM5bal1VVs.000","yIM5bal1VVs","train"
"yIM5bal1VVs.003","yIM5bal1VVs","train"
"yIM5bal1VVs.004","yIM5bal1VVs","train"
"yIM5bal1VVs.005","yIM5bal1VVs","train"
"YiX6thczM1w.001","YiX6thczM1w","train"
"YiX6thczM1w.002","YiX6thczM1w","train"
"YiX6thczM1w.005","YiX6thczM1w","train"
"yj2Y1Y26rd4.001","yj2Y1Y26rd4","train"
"yj2Y1Y26rd4.002","yj2Y1Y26rd4","train"
"Yj36y7ELRZE.000","Yj36y7ELRZE","train"
"Yj36y7ELRZE.001","Yj36y7ELRZE","train"
"Yj36y7ELRZE.004","Yj36y7ELRZE","train"
"YJ5CINQ8v_E.000","YJ5CINQ8v_E","train"
"YJ5CINQ8v_E.001","YJ5CINQ8v_E","train"
"YJ5CINQ8v_E.005","YJ5CINQ8v_E","train"
"YjXUMygVw7U.002","YjXUMygVw7U","train"
"YjXUMygVw7U.005","YjXUMygVw7U","train"
"ykm4JTvlOCQ.000","ykm4JTvlOCQ","train"
"YliKljQIX2o.002","YliKljQIX2o","train"
"YliKljQIX2o.003","YliKljQIX2o","train"
"YliKljQIX2o.004","YliKljQIX2o","train"
"YLKPVl-M3Ck.000","YLKPVl-M3Ck","train"
"YLKPVl-M3Ck.001","YLKPVl-M3Ck","train"
"--Ymqszjv54.001","--Ymqszjv54","train"
"--Ymqszjv54.003","--Ymqszjv54","train"
"--Ymqszjv54.004","--Ymqszjv54","train"
"--Ymqszjv54.005","--Ymqszjv54","train"
"ymrFbEMNBME.001","ymrFbEMNBME","train"
"ymrFbEMNBME.004","ymrFbEMNBME","train"
"YN0Xd70SqEo.004","YN0Xd70SqEo","train"
"YNlhBpVk1tw.000","YNlhBpVk1tw","train"
"YNlhBpVk1tw.001","YNlhBpVk1tw","train"
"YNlhBpVk1tw.002","YNlhBpVk1tw","train"
"YNlhBpVk1tw.004","YNlhBpVk1tw","train"
"YocrYFLm4CM.000","YocrYFLm4CM","train"
"YocrYFLm4CM.002","YocrYFLm4CM","train"
"yOzHZOg95Ug.001","yOzHZOg95Ug","train"
"yOzHZOg95Ug.003","yOzHZOg95Ug","train"
"yOzHZOg95Ug.004","yOzHZOg95Ug","train"
"yOzHZOg95Ug.005","yOzHZOg95Ug","train"
"yozI_jvMrTw.004","yozI_jvMrTw","train"
"yozI_jvMrTw.005","yozI_jvMrTw","train"
"YP7N98ECZaI.001","YP7N98ECZaI","train"
"YP7N98ECZaI.002","YP7N98ECZaI","train"
"YP7N98ECZaI.003","YP7N98ECZaI","train"
"YP7N98ECZaI.004","YP7N98ECZaI","train"
"YP7N98ECZaI.005","YP7N98ECZaI","train"
"YPMffqhP0C8.000","YPMffqhP0C8","train"
"YPMffqhP0C8.001","YPMffqhP0C8","train"
"YPMffqhP0C8.002","YPMffqhP0C8","train"
"YPMffqhP0C8.004","YPMffqhP0C8","train"
"YPnuq0tDDqk.000","YPnuq0tDDqk","train"
"YPnuq0tDDqk.003","YPnuq0tDDqk","train"
"yp-tfq1NxBk.003","yp-tfq1NxBk","train"
"yrToGVRf27U.003","yrToGVRf27U","train"
"yrToGVRf27U.004","yrToGVRf27U","train"
"yRVvI1x2DBI.002","yRVvI1x2DBI","train"
"yRVvI1x2DBI.004","yRVvI1x2DBI","train"
"yRVvI1x2DBI.005","yRVvI1x2DBI","train"
"YryBLVZgJj0.001","YryBLVZgJj0","train"
"YryBLVZgJj0.003","YryBLVZgJj0","train"
"YryBLVZgJj0.005","YryBLVZgJj0","train"
"ySEeioc339E.002","ySEeioc339E","train"
"ySEeioc339E.003","ySEeioc339E","train"
"ySEeioc339E.004","ySEeioc339E","train"
"y--uBBy7ebM.000","y--uBBy7ebM","train"
"y--uBBy7ebM.002","y--uBBy7ebM","train"
"y--uBBy7ebM.004","y--uBBy7ebM","train"
"y--uBBy7ebM.005","y--uBBy7ebM","train"
"YucM3Zzvekg.001","YucM3Zzvekg","train"
"yuE25dFTn2o.000","yuE25dFTn2o","train"
"yuE25dFTn2o.001","yuE25dFTn2o","train"
"yUESJPS0wS8.000","yUESJPS0wS8","train"
"yUESJPS0wS8.002","yUESJPS0wS8","train"
"yUESJPS0wS8.004","yUESJPS0wS8","train"
"YuoLr4xDvbE.000","YuoLr4xDvbE","train"
"YuoLr4xDvbE.002","YuoLr4xDvbE","train"
"YuoLr4xDvbE.004","YuoLr4xDvbE","train"
"YuoLr4xDvbE.005","YuoLr4xDvbE","train"
"yVSfQZGt1co.001","yVSfQZGt1co","train"
"yVSfQZGt1co.004","yVSfQZGt1co","train"
"ywefrPdzz0U.000","ywefrPdzz0U","train"
"YwsVpkumbJc.002","YwsVpkumbJc","train"
"YXz6s1XNOLs.000","YXz6s1XNOLs","train"
"YXz6s1XNOLs.002","YXz6s1XNOLs","train"
"YXz6s1XNOLs.004","YXz6s1XNOLs","train"
"YXz6s1XNOLs.005","YXz6s1XNOLs","train"
"Y-YdRocu0os.001","Y-YdRocu0os","train"
"YygvfVxOWP8.000","YygvfVxOWP8","train"
"YygvfVxOWP8.005","YygvfVxOWP8","train"
"YyHOKFYDZ5Y.002","YyHOKFYDZ5Y","train"
"YyHOKFYDZ5Y.004","YyHOKFYDZ5Y","train"
"YyHOKFYDZ5Y.005","YyHOKFYDZ5Y","train"
"YyYDxAyV_Aw.003","YyYDxAyV_Aw","train"
"YzcZY1mUZfc.000","YzcZY1mUZfc","train"
"YzcZY1mUZfc.001","YzcZY1mUZfc","train"
"YzcZY1mUZfc.002","YzcZY1mUZfc","train"
"YzcZY1mUZfc.003","YzcZY1mUZfc","train"
"YzcZY1mUZfc.004","YzcZY1mUZfc","train"
"YzcZY1mUZfc.005","YzcZY1mUZfc","train"
"yzgA9oAEgI4.002","yzgA9oAEgI4","train"
"yzgA9oAEgI4.003","yzgA9oAEgI4","train"
"YzNbGMNr3z0.001","YzNbGMNr3z0","train"
"YZp79VcnY0w.001","YZp79VcnY0w","train"
"YZp79VcnY0w.002","YZp79VcnY0w","train"
"YZp79VcnY0w.004","YZp79VcnY0w","train"
"Z_STuUHKQTg.002","Z_STuUHKQTg","train"
"Z_STuUHKQTg.003","Z_STuUHKQTg","train"
"Z_STuUHKQTg.004","Z_STuUHKQTg","train"
"z_W8_j7CB2A.000","z_W8_j7CB2A","train"
"z_W8_j7CB2A.001","z_W8_j7CB2A","train"
"z3DO3tdrsnQ.000","z3DO3tdrsnQ","train"
"z3DO3tdrsnQ.001","z3DO3tdrsnQ","train"
"Z3E1jkaNRKs.000","Z3E1jkaNRKs","train"
"Z3E1jkaNRKs.001","Z3E1jkaNRKs","train"
"Z3E1jkaNRKs.003","Z3E1jkaNRKs","train"
"Z3FdUfZLHyw.000","Z3FdUfZLHyw","train"
"Z3FdUfZLHyw.001","Z3FdUfZLHyw","train"
"Z3FdUfZLHyw.002","Z3FdUfZLHyw","train"
"Z3FdUfZLHyw.004","Z3FdUfZLHyw","train"
"Z3FdUfZLHyw.005","Z3FdUfZLHyw","train"
"z54OqeICELg.000","z54OqeICELg","train"
"z54OqeICELg.001","z54OqeICELg","train"
"z54OqeICELg.004","z54OqeICELg","train"
"z54OqeICELg.005","z54OqeICELg","train"
"Z5S5uGXkNuc.001","Z5S5uGXkNuc","train"
"Z5S5uGXkNuc.002","Z5S5uGXkNuc","train"
"Z5S5uGXkNuc.004","Z5S5uGXkNuc","train"
"Z6vQQvro86Y.001","Z6vQQvro86Y","train"
"Z6vQQvro86Y.002","Z6vQQvro86Y","train"
"Z6vQQvro86Y.004","Z6vQQvro86Y","train"
"Z6vQQvro86Y.005","Z6vQQvro86Y","train"
"z82YEuBU8mA.003","z82YEuBU8mA","train"
"Z9GzSxQHKSI.001","Z9GzSxQHKSI","train"
"Z9GzSxQHKSI.004","Z9GzSxQHKSI","train"
"za14O68VN3E.001","za14O68VN3E","train"
"ZaihsIQZCx8.002","ZaihsIQZCx8","train"
"ZaihsIQZCx8.003","ZaihsIQZCx8","train"
"Z-CIdOjWcKc.001","Z-CIdOjWcKc","train"
"ZCLfVue6xAg.001","ZCLfVue6xAg","train"
"ZCLfVue6xAg.002","ZCLfVue6xAg","train"
"ZCLfVue6xAg.003","ZCLfVue6xAg","train"
"ZCLfVue6xAg.005","ZCLfVue6xAg","train"
"z-CV743owek.001","z-CV743owek","train"
"z-CV743owek.003","z-CV743owek","train"
"z-CV743owek.005","z-CV743owek","train"
"zDSpbDg6WB8.002","zDSpbDg6WB8","train"
"ZeGT9pSG734.002","ZeGT9pSG734","train"
"ZeGT9pSG734.003","ZeGT9pSG734","train"
"ZeGT9pSG734.004","ZeGT9pSG734","train"
"zeUC7e-4w1E.003","zeUC7e-4w1E","train"
"zeUC7e-4w1E.005","zeUC7e-4w1E","train"
"zEyRyTnIw5I.001","zEyRyTnIw5I","train"
"zEyRyTnIw5I.005","zEyRyTnIw5I","train"
"zF3Uk2OAJAE.001","zF3Uk2OAJAE","train"
"zF46tAI2PQc.004","zF46tAI2PQc","train"
"zF46tAI2PQc.005","zF46tAI2PQc","train"
"ZFOb9zsgLLY.003","ZFOb9zsgLLY","train"
"zFVjcb45pjI.002","zFVjcb45pjI","train"
"zFVjcb45pjI.003","zFVjcb45pjI","train"
"ZgFh3JPMs3Q.001","ZgFh3JPMs3Q","train"
"ZgFh3JPMs3Q.002","ZgFh3JPMs3Q","train"
"ZgFh3JPMs3Q.003","ZgFh3JPMs3Q","train"
"ZGox7tevC6A.004","ZGox7tevC6A","train"
"ZGox7tevC6A.005","ZGox7tevC6A","train"
"zH9pTx5_ZwY.003","zH9pTx5_ZwY","train"
"zH9pTx5_ZwY.004","zH9pTx5_ZwY","train"
"ZhPQrqxo2mw.000","ZhPQrqxo2mw","train"
"ZhPQrqxo2mw.004","ZhPQrqxo2mw","train"
"ZhPQrqxo2mw.005","ZhPQrqxo2mw","train"
"ZHya-p83XPQ.002","ZHya-p83XPQ","train"
"Zi7QHI_5ipU.000","Zi7QHI_5ipU","train"
"Zi7QHI_5ipU.004","Zi7QHI_5ipU","train"
"Zi7QHI_5ipU.005","Zi7QHI_5ipU","train"
"ZIk7N-xHvF4.000","ZIk7N-xHvF4","train"
"ZIk7N-xHvF4.002","ZIk7N-xHvF4","train"
"ZIk7N-xHvF4.003","ZIk7N-xHvF4","train"
"ZIk7N-xHvF4.004","ZIk7N-xHvF4","train"
"ZiKxJbVI5_g.000","ZiKxJbVI5_g","train"
"ZiKxJbVI5_g.001","ZiKxJbVI5_g","train"
"ZiKxJbVI5_g.002","ZiKxJbVI5_g","train"
"ZiKxJbVI5_g.004","ZiKxJbVI5_g","train"
"ZIyfXdCxN9E.000","ZIyfXdCxN9E","train"
"zJEnT19uoPY.000","zJEnT19uoPY","train"
"zJEnT19uoPY.001","zJEnT19uoPY","train"
"zJEnT19uoPY.004","zJEnT19uoPY","train"
"zJEnT19uoPY.005","zJEnT19uoPY","train"
"zJR7w4DABGU.002","zJR7w4DABGU","train"
"ZkypeQdzgvQ.000","ZkypeQdzgvQ","train"
"ZkypeQdzgvQ.002","ZkypeQdzgvQ","train"
"ZkypeQdzgvQ.003","ZkypeQdzgvQ","train"
"ZkypeQdzgvQ.004","ZkypeQdzgvQ","train"
"ZlcINjtdkQQ.000","ZlcINjtdkQQ","train"
"ZlcINjtdkQQ.001","ZlcINjtdkQQ","train"
"zMXfMcqpPwQ.001","zMXfMcqpPwQ","train"
"zMXfMcqpPwQ.002","zMXfMcqpPwQ","train"
"zMXfMcqpPwQ.005","zMXfMcqpPwQ","train"
"zMXIf66PPhU.001","zMXIf66PPhU","train"
"zMXIf66PPhU.002","zMXIf66PPhU","train"
"zMXIf66PPhU.004","zMXIf66PPhU","train"
"zNHM8iNyTO4.005","zNHM8iNyTO4","train"
"Znixev2a1AI.000","Znixev2a1AI","train"
"Znixev2a1AI.001","Znixev2a1AI","train"
"Znixev2a1AI.004","Znixev2a1AI","train"
"ZNJFmNiWC4I.000","ZNJFmNiWC4I","train"
"ZNJFmNiWC4I.001","ZNJFmNiWC4I","train"
"ZNJFmNiWC4I.003","ZNJFmNiWC4I","train"
"ZNJFmNiWC4I.005","ZNJFmNiWC4I","train"
"zNmuwZkaeVg.001","zNmuwZkaeVg","train"
"zNmuwZkaeVg.002","zNmuwZkaeVg","train"
"ZNRfeL8nPfw.000","ZNRfeL8nPfw","train"
"ZNRfeL8nPfw.001","ZNRfeL8nPfw","train"
"ZNRfeL8nPfw.003","ZNRfeL8nPfw","train"
"ZNRfeL8nPfw.004","ZNRfeL8nPfw","train"
"ZNRfeL8nPfw.005","ZNRfeL8nPfw","train"
"-zNyDPzId4E.001","-zNyDPzId4E","train"
"-zNyDPzId4E.003","-zNyDPzId4E","train"
"ZNymNgd5EuQ.000","ZNymNgd5EuQ","train"
"ZNymNgd5EuQ.004","ZNymNgd5EuQ","train"
"ZO5JoyVTat8.000","ZO5JoyVTat8","train"
"ZO5JoyVTat8.001","ZO5JoyVTat8","train"
"ZO5JoyVTat8.002","ZO5JoyVTat8","train"
"ZO5JoyVTat8.004","ZO5JoyVTat8","train"
"ZO5JoyVTat8.005","ZO5JoyVTat8","train"
"ZoHY-rWJsyw.000","ZoHY-rWJsyw","train"
"ZoHY-rWJsyw.001","ZoHY-rWJsyw","train"
"ZoHY-rWJsyw.004","ZoHY-rWJsyw","train"
"zpLiIVF0x7U.000","zpLiIVF0x7U","train"
"ZqbJIM7rmO8.001","ZqbJIM7rmO8","train"
"ZqbJIM7rmO8.003","ZqbJIM7rmO8","train"
"ZqbJIM7rmO8.005","ZqbJIM7rmO8","train"
"zqpXz9h41jg.000","zqpXz9h41jg","train"
"zqpXz9h41jg.002","zqpXz9h41jg","train"
"zqpXz9h41jg.005","zqpXz9h41jg","train"
"zrbcY4TMVyc.000","zrbcY4TMVyc","train"
"zrdxHERn628.003","zrdxHERn628","train"
"zRevZ94Rxjc.004","zRevZ94Rxjc","train"
"zRiS2gIUc9s.000","zRiS2gIUc9s","train"
"zRiS2gIUc9s.001","zRiS2gIUc9s","train"
"ZRl_k6DzTeI.000","ZRl_k6DzTeI","train"
"ZRl_k6DzTeI.001","ZRl_k6DzTeI","train"
"ZRl_k6DzTeI.004","ZRl_k6DzTeI","train"
"ZRrduU1CXqU.001","ZRrduU1CXqU","train"
"ZRrduU1CXqU.002","ZRrduU1CXqU","train"
"ZRrduU1CXqU.003","ZRrduU1CXqU","train"
"ZRrduU1CXqU.004","ZRrduU1CXqU","train"
"ZRrduU1CXqU.005","ZRrduU1CXqU","train"
"zT_s9X21gAE.001","zT_s9X21gAE","train"
"zT_s9X21gAE.003","zT_s9X21gAE","train"
"zT_s9X21gAE.004","zT_s9X21gAE","train"
"zT_s9X21gAE.005","zT_s9X21gAE","train"
"ZT7cEiaYGp8.000","ZT7cEiaYGp8","train"
"ztyBhnjtrz0.000","ztyBhnjtrz0","train"
"ztyBhnjtrz0.001","ztyBhnjtrz0","train"
"ztyBhnjtrz0.002","ztyBhnjtrz0","train"
"ztyBhnjtrz0.003","ztyBhnjtrz0","train"
"ztyBhnjtrz0.004","ztyBhnjtrz0","train"
"zupxsNi2er8.002","zupxsNi2er8","train"
"zupxsNi2er8.004","zupxsNi2er8","train"
"zupxsNi2er8.005","zupxsNi2er8","train"
"Zvdh8ym1Yrg.001","Zvdh8ym1Yrg","train"
"Zvdh8ym1Yrg.003","Zvdh8ym1Yrg","train"
"Zvdh8ym1Yrg.004","Zvdh8ym1Yrg","train"
"Zvdh8ym1Yrg.005","Zvdh8ym1Yrg","train"
"zvX4fNj0uxk.001","zvX4fNj0uxk","train"
"zvX4fNj0uxk.003","zvX4fNj0uxk","train"
"zvX4fNj0uxk.004","zvX4fNj0uxk","train"
"ZvxUUh2wN7s.002","ZvxUUh2wN7s","train"
"zwO2zBdbCb4.002","zwO2zBdbCb4","train"
"Zwu5Y5r3Lrs.001","Zwu5Y5r3Lrs","train"
"Zwu5Y5r3Lrs.003","Zwu5Y5r3Lrs","train"
"ZX3okNzASCs.000","ZX3okNzASCs","train"
"ZX3okNzASCs.002","ZX3okNzASCs","train"
"ZXeO5dRFrj0.001","ZXeO5dRFrj0","train"
"ZXeO5dRFrj0.005","ZXeO5dRFrj0","train"
"zxuPCshTSOs.002","zxuPCshTSOs","train"
"zxuPCshTSOs.005","zxuPCshTSOs","train"
"zY0J9qKEekE.004","zY0J9qKEekE","train"
"Zy9Xg3TdZJk.001","Zy9Xg3TdZJk","train"
"zyGz_H1UTnQ.003","zyGz_H1UTnQ","train"
"ZYrFfvp7_Mo.000","ZYrFfvp7_Mo","train"
